-50.00000058E-9,0.0,
-49.96000058E-9,-8.000000380E-3,
-49.92000058E-9,-8.000000380E-3,
-49.88000057E-9,-16.0000008E-3,
-49.84000057E-9,-24.00000021E-3,
-49.80000057E-9,-24.00000021E-3,
-49.76000056E-9,-32.00000152E-3,
-49.72000056E-9,-32.00000152E-3,
-49.68000056E-9,-40.00000283E-3,
-49.64000055E-9,-40.00000283E-3,
-49.60000055E-9,-48.00000042E-3,
-49.56000055E-9,-48.00000042E-3,
-49.52000054E-9,-56.000001729E-3,
-49.48000054E-9,-64.000003040E-3,
-49.44000054E-9,-64.000003040E-3,
-49.40000053E-9,-72.000004351E-3,
-49.36000053E-9,-72.000004351E-3,
-49.32000053E-9,-80.000005662E-3,
-49.28000052E-9,-80.000005662E-3,
-49.24000052E-9,-88.000006974E-3,
-49.20000052E-9,-88.000006974E-3,
-49.16000051E-9,-96.000000834E-3,
-49.12000051E-9,-104.0000021E-3,
-49.08000051E-9,-104.0000021E-3,
-49.04000050E-9,-112.0000035E-3,
-49.00000050E-9,-120.0000048E-3,
-48.96000050E-9,-120.0000048E-3,
-48.92000049E-9,-128.0000061E-3,
-48.88000049E-9,-136.0000074E-3,
-48.84000049E-9,-136.0000074E-3,
-48.80000049E-9,-144.0000087E-3,
-48.76000048E-9,-144.0000087E-3,
-48.72000048E-9,-152.00001001E-3,
-48.68000048E-9,-160.00001132E-3,
-48.64000047E-9,-160.00001132E-3,
-48.60000047E-9,-168.00001264E-3,
-48.56000047E-9,-176.00001395E-3,
-48.52000046E-9,-176.00001395E-3,
-48.48000046E-9,-184.00001526E-3,
-48.44000046E-9,-184.00001526E-3,
-48.40000045E-9,-192.00000167E-3,
-48.36000045E-9,-192.00000167E-3,
-48.32000045E-9,-200.00000298E-3,
-48.28000044E-9,-208.00000429E-3,
-48.24000044E-9,-208.00000429E-3,
-48.20000044E-9,-216.00000560E-3,
-48.16000043E-9,-216.00000560E-3,
-48.12000043E-9,-224.00000691E-3,
-48.08000043E-9,-224.00000691E-3,
-48.04000042E-9,-232.00000823E-3,
-48.00000042E-9,-232.00000823E-3,
-47.96000042E-9,-240.00000954E-3,
-47.92000041E-9,-240.00000954E-3,
-47.88000041E-9,-248.00001085E-3,
-47.84000041E-9,-248.00001085E-3,
-47.80000040E-9,-256.00001216E-3,
-47.76000040E-9,-256.00001216E-3,
-47.72000040E-9,-256.00001216E-3,
-47.68000039E-9,-263.99999857E-3,
-47.64000039E-9,-263.99999857E-3,
-47.60000039E-9,-272.00001478E-3,
-47.56000038E-9,-272.00001478E-3,
-47.52000038E-9,-280.00000119E-3,
-47.48000038E-9,-280.00000119E-3,
-47.44000037E-9,-280.00000119E-3,
-47.40000037E-9,-288.00001740E-3,
-47.36000037E-9,-288.00001740E-3,
-47.32000036E-9,-296.00000381E-3,
-47.28000036E-9,-296.00000381E-3,
-47.24000036E-9,-296.00000381E-3,
-47.20000035E-9,-304.00002003E-3,
-47.16000035E-9,-304.00002003E-3,
-47.12000035E-9,-312.00000644E-3,
-47.08000034E-9,-312.00000644E-3,
-47.04000034E-9,-312.00000644E-3,
-47.00000034E-9,-320.00002265E-3,
-46.96000033E-9,-320.00002265E-3,
-46.92000033E-9,-320.00002265E-3,
-46.88000033E-9,-328.00000906E-3,
-46.84000032E-9,-328.00000906E-3,
-46.80000032E-9,-328.00000906E-3,
-46.76000032E-9,-336.00002527E-3,
-46.72000031E-9,-336.00002527E-3,
-46.68000031E-9,-336.00002527E-3,
-46.64000031E-9,-336.00002527E-3,
-46.60000030E-9,-344.00001168E-3,
-46.56000030E-9,-344.00001168E-3,
-46.52000030E-9,-344.00001168E-3,
-46.48000029E-9,-352.00002789E-3,
-46.44000029E-9,-352.00002789E-3,
-46.40000029E-9,-352.00002789E-3,
-46.36000028E-9,-352.00002789E-3,
-46.32000028E-9,-352.00002789E-3,
-46.28000028E-9,-360.00001431E-3,
-46.24000027E-9,-360.00001431E-3,
-46.20000027E-9,-360.00001431E-3,
-46.16000027E-9,-360.00001431E-3,
-46.12000026E-9,-360.00001431E-3,
-46.08000026E-9,-368.00003052E-3,
-46.04000026E-9,-368.00003052E-3,
-46.00000025E-9,-368.00003052E-3,
-45.96000025E-9,-368.00003052E-3,
-45.92000025E-9,-368.00003052E-3,
-45.88000024E-9,-368.00003052E-3,
-45.84000024E-9,-368.00003052E-3,
-45.80000024E-9,-368.00003052E-3,
-45.76000023E-9,-368.00003052E-3,
-45.72000023E-9,-368.00003052E-3,
-45.68000023E-9,-368.00003052E-3,
-45.64000022E-9,-368.00003052E-3,
-45.60000022E-9,-368.00003052E-3,
-45.56000022E-9,-368.00003052E-3,
-45.52000021E-9,-368.00003052E-3,
-45.48000021E-9,-368.00003052E-3,
-45.44000021E-9,-368.00003052E-3,
-45.40000020E-9,-368.00003052E-3,
-45.36000020E-9,-368.00003052E-3,
-45.32000020E-9,-368.00003052E-3,
-45.28000019E-9,-368.00003052E-3,
-45.24000019E-9,-368.00003052E-3,
-45.20000019E-9,-368.00003052E-3,
-45.16000018E-9,-360.00001431E-3,
-45.12000018E-9,-360.00001431E-3,
-45.08000018E-9,-360.00001431E-3,
-45.04000017E-9,-360.00001431E-3,
-45.00000017E-9,-360.00001431E-3,
-44.96000017E-9,-360.00001431E-3,
-44.92000016E-9,-360.00001431E-3,
-44.88000016E-9,-352.00002789E-3,
-44.84000016E-9,-352.00002789E-3,
-44.80000015E-9,-352.00002789E-3,
-44.76000015E-9,-352.00002789E-3,
-44.72000015E-9,-352.00002789E-3,
-44.68000014E-9,-352.00002789E-3,
-44.64000014E-9,-344.00001168E-3,
-44.60000014E-9,-344.00001168E-3,
-44.56000013E-9,-344.00001168E-3,
-44.52000013E-9,-344.00001168E-3,
-44.48000013E-9,-344.00001168E-3,
-44.44000012E-9,-344.00001168E-3,
-44.40000012E-9,-336.00002527E-3,
-44.36000012E-9,-336.00002527E-3,
-44.32000011E-9,-336.00002527E-3,
-44.28000011E-9,-336.00002527E-3,
-44.24000011E-9,-336.00002527E-3,
-44.20000010E-9,-336.00002527E-3,
-44.16000010E-9,-328.00000906E-3,
-44.12000010E-9,-328.00000906E-3,
-44.08000009E-9,-328.00000906E-3,
-44.04000009E-9,-328.00000906E-3,
-44.00000009E-9,-328.00000906E-3,
-43.96000008E-9,-320.00002265E-3,
-43.92000008E-9,-320.00002265E-3,
-43.88000008E-9,-320.00002265E-3,
-43.84000007E-9,-320.00002265E-3,
-43.80000007E-9,-312.00000644E-3,
-43.76000007E-9,-312.00000644E-3,
-43.72000006E-9,-312.00000644E-3,
-43.68000006E-9,-312.00000644E-3,
-43.64000006E-9,-304.00002003E-3,
-43.60000005E-9,-304.00002003E-3,
-43.56000005E-9,-304.00002003E-3,
-43.52000005E-9,-304.00002003E-3,
-43.48000004E-9,-296.00000381E-3,
-43.44000004E-9,-296.00000381E-3,
-43.40000004E-9,-296.00000381E-3,
-43.36000003E-9,-288.00001740E-3,
-43.32000003E-9,-288.00001740E-3,
-43.28000003E-9,-288.00001740E-3,
-43.24000002E-9,-280.00000119E-3,
-43.20000002E-9,-280.00000119E-3,
-43.16000002E-9,-280.00000119E-3,
-43.12000002E-9,-272.00001478E-3,
-43.08000001E-9,-272.00001478E-3,
-43.04000001E-9,-263.99999857E-3,
-43.00000001E-9,-263.99999857E-3,
-42.96000000E-9,-263.99999857E-3,
-42.92000000E-9,-256.00001216E-3,
-42.88000000E-9,-256.00001216E-3,
-42.83999999E-9,-248.00001085E-3,
-42.79999999E-9,-248.00001085E-3,
-42.75999999E-9,-248.00001085E-3,
-42.71999998E-9,-240.00000954E-3,
-42.67999998E-9,-240.00000954E-3,
-42.63999998E-9,-232.00000823E-3,
-42.59999997E-9,-232.00000823E-3,
-42.55999997E-9,-232.00000823E-3,
-42.51999997E-9,-224.00000691E-3,
-42.47999996E-9,-224.00000691E-3,
-42.43999996E-9,-216.00000560E-3,
-42.39999996E-9,-216.00000560E-3,
-42.35999995E-9,-216.00000560E-3,
-42.31999995E-9,-208.00000429E-3,
-42.27999995E-9,-208.00000429E-3,
-42.23999994E-9,-200.00000298E-3,
-42.19999994E-9,-200.00000298E-3,
-42.15999994E-9,-200.00000298E-3,
-42.11999993E-9,-192.00000167E-3,
-42.07999993E-9,-192.00000167E-3,
-42.03999993E-9,-184.00001526E-3,
-41.99999992E-9,-184.00001526E-3,
-41.95999992E-9,-176.00001395E-3,
-41.91999992E-9,-176.00001395E-3,
-41.87999991E-9,-168.00001264E-3,
-41.83999991E-9,-168.00001264E-3,
-41.79999991E-9,-160.00001132E-3,
-41.75999990E-9,-160.00001132E-3,
-41.71999990E-9,-152.00001001E-3,
-41.67999990E-9,-152.00001001E-3,
-41.63999989E-9,-144.0000087E-3,
-41.59999989E-9,-144.0000087E-3,
-41.55999989E-9,-136.0000074E-3,
-41.51999988E-9,-136.0000074E-3,
-41.47999988E-9,-128.0000061E-3,
-41.43999988E-9,-128.0000061E-3,
-41.39999987E-9,-120.0000048E-3,
-41.35999987E-9,-120.0000048E-3,
-41.31999987E-9,-112.0000035E-3,
-41.27999986E-9,-104.0000021E-3,
-41.23999986E-9,-104.0000021E-3,
-41.19999986E-9,-96.000000834E-3,
-41.15999985E-9,-96.000000834E-3,
-41.11999985E-9,-88.000006974E-3,
-41.07999985E-9,-80.000005662E-3,
-41.03999984E-9,-80.000005662E-3,
-40.99999984E-9,-72.000004351E-3,
-40.95999984E-9,-72.000004351E-3,
-40.91999983E-9,-64.000003040E-3,
-40.87999983E-9,-56.000001729E-3,
-40.83999983E-9,-56.000001729E-3,
-40.79999982E-9,-48.00000042E-3,
-40.75999982E-9,-40.00000283E-3,
-40.71999982E-9,-40.00000283E-3,
-40.67999981E-9,-32.00000152E-3,
-40.63999981E-9,-24.00000021E-3,
-40.59999981E-9,-24.00000021E-3,
-40.55999980E-9,-16.0000008E-3,
-40.51999980E-9,-16.0000008E-3,
-40.47999980E-9,-8.000000380E-3,
-40.43999979E-9,-8.000000380E-3,
-40.39999979E-9,0.0,
-40.35999979E-9,8.000000380E-3,
-40.31999978E-9,8.000000380E-3,
-40.27999978E-9,16.0000008E-3,
-40.23999978E-9,16.0000008E-3,
-40.19999977E-9,24.00000021E-3,
-40.15999977E-9,24.00000021E-3,
-40.11999977E-9,32.00000152E-3,
-40.07999976E-9,40.00000283E-3,
-40.03999976E-9,40.00000283E-3,
-39.99999976E-9,48.00000042E-3,
-39.95999975E-9,48.00000042E-3,
-39.91999975E-9,56.000001729E-3,
-39.87999975E-9,64.000003040E-3,
-39.83999974E-9,64.000003040E-3,
-39.79999974E-9,72.000004351E-3,
-39.75999974E-9,80.000005662E-3,
-39.71999973E-9,80.000005662E-3,
-39.67999973E-9,88.000006974E-3,
-39.63999973E-9,96.000000834E-3,
-39.59999972E-9,96.000000834E-3,
-39.55999972E-9,104.0000021E-3,
-39.51999972E-9,112.0000035E-3,
-39.47999971E-9,112.0000035E-3,
-39.43999971E-9,120.0000048E-3,
-39.39999971E-9,128.0000061E-3,
-39.35999970E-9,128.0000061E-3,
-39.31999970E-9,136.0000074E-3,
-39.27999970E-9,136.0000074E-3,
-39.23999969E-9,144.0000087E-3,
-39.19999969E-9,152.00001001E-3,
-39.15999969E-9,152.00001001E-3,
-39.11999968E-9,160.00001132E-3,
-39.07999968E-9,168.00001264E-3,
-39.03999968E-9,168.00001264E-3,
-38.99999967E-9,176.00001395E-3,
-38.95999967E-9,176.00001395E-3,
-38.91999967E-9,184.00001526E-3,
-38.87999966E-9,184.00001526E-3,
-38.83999966E-9,192.00000167E-3,
-38.79999966E-9,192.00000167E-3,
-38.75999965E-9,200.00000298E-3,
-38.71999965E-9,208.00000429E-3,
-38.67999965E-9,208.00000429E-3,
-38.63999964E-9,216.00000560E-3,
-38.59999964E-9,216.00000560E-3,
-38.55999964E-9,224.00000691E-3,
-38.51999963E-9,224.00000691E-3,
-38.47999963E-9,232.00000823E-3,
-38.43999963E-9,240.00000954E-3,
-38.39999962E-9,240.00000954E-3,
-38.35999962E-9,248.00001085E-3,
-38.31999962E-9,248.00001085E-3,
-38.27999961E-9,256.00001216E-3,
-38.23999961E-9,256.00001216E-3,
-38.19999961E-9,263.99999857E-3,
-38.15999960E-9,263.99999857E-3,
-38.11999960E-9,272.00001478E-3,
-38.07999960E-9,272.00001478E-3,
-38.03999959E-9,280.00000119E-3,
-37.99999959E-9,280.00000119E-3,
-37.95999959E-9,288.00001740E-3,
-37.91999958E-9,288.00001740E-3,
-37.87999958E-9,288.00001740E-3,
-37.83999958E-9,296.00000381E-3,
-37.79999957E-9,296.00000381E-3,
-37.75999957E-9,304.00002003E-3,
-37.71999957E-9,304.00002003E-3,
-37.67999956E-9,304.00002003E-3,
-37.63999956E-9,312.00000644E-3,
-37.59999956E-9,312.00000644E-3,
-37.55999956E-9,312.00000644E-3,
-37.51999955E-9,320.00002265E-3,
-37.47999955E-9,320.00002265E-3,
-37.43999955E-9,320.00002265E-3,
-37.39999954E-9,328.00000906E-3,
-37.35999954E-9,328.00000906E-3,
-37.31999954E-9,328.00000906E-3,
-37.27999953E-9,336.00002527E-3,
-37.23999953E-9,336.00002527E-3,
-37.19999953E-9,336.00002527E-3,
-37.15999952E-9,336.00002527E-3,
-37.11999952E-9,344.00001168E-3,
-37.07999952E-9,344.00001168E-3,
-37.03999951E-9,344.00001168E-3,
-36.99999951E-9,352.00002789E-3,
-36.95999951E-9,352.00002789E-3,
-36.91999950E-9,352.00002789E-3,
-36.87999950E-9,352.00002789E-3,
-36.83999950E-9,360.00001431E-3,
-36.79999949E-9,360.00001431E-3,
-36.75999949E-9,360.00001431E-3,
-36.71999949E-9,360.00001431E-3,
-36.67999948E-9,360.00001431E-3,
-36.63999948E-9,368.00003052E-3,
-36.59999948E-9,368.00003052E-3,
-36.55999947E-9,368.00003052E-3,
-36.51999947E-9,368.00003052E-3,
-36.47999947E-9,368.00003052E-3,
-36.43999946E-9,376.00001693E-3,
-36.39999946E-9,376.00001693E-3,
-36.35999946E-9,376.00001693E-3,
-36.31999945E-9,376.00001693E-3,
-36.27999945E-9,376.00001693E-3,
-36.23999945E-9,376.00001693E-3,
-36.19999944E-9,376.00001693E-3,
-36.15999944E-9,384.00000334E-3,
-36.11999944E-9,384.00000334E-3,
-36.07999943E-9,384.00000334E-3,
-36.03999943E-9,384.00000334E-3,
-35.99999943E-9,384.00000334E-3,
-35.95999942E-9,384.00000334E-3,
-35.91999942E-9,384.00000334E-3,
-35.87999942E-9,384.00000334E-3,
-35.83999941E-9,384.00000334E-3,
-35.79999941E-9,384.00000334E-3,
-35.75999941E-9,392.00001955E-3,
-35.71999940E-9,392.00001955E-3,
-35.67999940E-9,392.00001955E-3,
-35.63999940E-9,392.00001955E-3,
-35.59999939E-9,392.00001955E-3,
-35.55999939E-9,392.00001955E-3,
-35.51999939E-9,392.00001955E-3,
-35.47999938E-9,384.00000334E-3,
-35.43999938E-9,384.00000334E-3,
-35.39999938E-9,384.00000334E-3,
-35.35999937E-9,384.00000334E-3,
-35.31999937E-9,384.00000334E-3,
-35.27999937E-9,384.00000334E-3,
-35.23999936E-9,384.00000334E-3,
-35.19999936E-9,384.00000334E-3,
-35.15999936E-9,384.00000334E-3,
-35.11999935E-9,384.00000334E-3,
-35.07999935E-9,376.00001693E-3,
-35.03999935E-9,376.00001693E-3,
-34.99999934E-9,376.00001693E-3,
-34.95999934E-9,376.00001693E-3,
-34.91999934E-9,376.00001693E-3,
-34.87999933E-9,376.00001693E-3,
-34.83999933E-9,376.00001693E-3,
-34.79999933E-9,368.00003052E-3,
-34.75999932E-9,368.00003052E-3,
-34.71999932E-9,368.00003052E-3,
-34.67999932E-9,368.00003052E-3,
-34.63999931E-9,368.00003052E-3,
-34.59999931E-9,360.00001431E-3,
-34.55999931E-9,360.00001431E-3,
-34.51999930E-9,360.00001431E-3,
-34.47999930E-9,360.00001431E-3,
-34.43999930E-9,352.00002789E-3,
-34.39999929E-9,352.00002789E-3,
-34.35999929E-9,352.00002789E-3,
-34.31999929E-9,352.00002789E-3,
-34.27999928E-9,352.00002789E-3,
-34.23999928E-9,344.00001168E-3,
-34.19999928E-9,344.00001168E-3,
-34.15999927E-9,344.00001168E-3,
-34.11999927E-9,344.00001168E-3,
-34.07999927E-9,336.00002527E-3,
-34.03999926E-9,336.00002527E-3,
-33.99999926E-9,336.00002527E-3,
-33.95999926E-9,336.00002527E-3,
-33.91999925E-9,328.00000906E-3,
-33.87999925E-9,328.00000906E-3,
-33.83999925E-9,328.00000906E-3,
-33.79999924E-9,328.00000906E-3,
-33.75999924E-9,320.00002265E-3,
-33.71999924E-9,320.00002265E-3,
-33.67999923E-9,320.00002265E-3,
-33.63999923E-9,320.00002265E-3,
-33.59999923E-9,312.00000644E-3,
-33.55999922E-9,312.00000644E-3,
-33.51999922E-9,312.00000644E-3,
-33.47999922E-9,304.00002003E-3,
-33.43999921E-9,304.00002003E-3,
-33.39999921E-9,304.00002003E-3,
-33.35999921E-9,304.00002003E-3,
-33.31999920E-9,296.00000381E-3,
-33.27999920E-9,296.00000381E-3,
-33.23999920E-9,296.00000381E-3,
-33.19999919E-9,288.00001740E-3,
-33.15999919E-9,288.00001740E-3,
-33.11999919E-9,280.00000119E-3,
-33.07999918E-9,280.00000119E-3,
-33.03999918E-9,280.00000119E-3,
-32.99999918E-9,272.00001478E-3,
-32.95999917E-9,272.00001478E-3,
-32.91999917E-9,272.00001478E-3,
-32.87999917E-9,263.99999857E-3,
-32.83999916E-9,263.99999857E-3,
-32.79999916E-9,256.00001216E-3,
-32.75999916E-9,256.00001216E-3,
-32.71999915E-9,256.00001216E-3,
-32.67999915E-9,248.00001085E-3,
-32.63999915E-9,248.00001085E-3,
-32.59999914E-9,240.00000954E-3,
-32.55999914E-9,240.00000954E-3,
-32.51999914E-9,232.00000823E-3,
-32.47999913E-9,232.00000823E-3,
-32.43999913E-9,224.00000691E-3,
-32.39999913E-9,224.00000691E-3,
-32.35999912E-9,216.00000560E-3,
-32.31999912E-9,216.00000560E-3,
-32.27999912E-9,208.00000429E-3,
-32.23999911E-9,208.00000429E-3,
-32.19999911E-9,200.00000298E-3,
-32.15999911E-9,200.00000298E-3,
-32.11999910E-9,192.00000167E-3,
-32.07999910E-9,192.00000167E-3,
-32.03999910E-9,184.00001526E-3,
-31.99999909E-9,176.00001395E-3,
-31.95999909E-9,176.00001395E-3,
-31.91999909E-9,168.00001264E-3,
-31.87999909E-9,168.00001264E-3,
-31.83999908E-9,160.00001132E-3,
-31.79999908E-9,152.00001001E-3,
-31.75999908E-9,152.00001001E-3,
-31.71999907E-9,144.0000087E-3,
-31.67999907E-9,136.0000074E-3,
-31.63999907E-9,136.0000074E-3,
-31.59999906E-9,128.0000061E-3,
-31.55999906E-9,120.0000048E-3,
-31.51999906E-9,120.0000048E-3,
-31.47999905E-9,112.0000035E-3,
-31.43999905E-9,112.0000035E-3,
-31.39999905E-9,104.0000021E-3,
-31.35999904E-9,104.0000021E-3,
-31.31999904E-9,96.000000834E-3,
-31.27999904E-9,96.000000834E-3,
-31.23999903E-9,88.000006974E-3,
-31.19999903E-9,80.000005662E-3,
-31.15999903E-9,80.000005662E-3,
-31.11999902E-9,72.000004351E-3,
-31.07999902E-9,72.000004351E-3,
-31.03999902E-9,64.000003040E-3,
-30.99999901E-9,56.000001729E-3,
-30.95999901E-9,56.000001729E-3,
-30.91999901E-9,48.00000042E-3,
-30.87999900E-9,40.00000283E-3,
-30.83999900E-9,40.00000283E-3,
-30.79999900E-9,32.00000152E-3,
-30.75999899E-9,32.00000152E-3,
-30.71999899E-9,24.00000021E-3,
-30.67999899E-9,16.0000008E-3,
-30.63999898E-9,16.0000008E-3,
-30.59999898E-9,8.000000380E-3,
-30.55999898E-9,0.0,
-30.51999897E-9,0.0,
-30.47999897E-9,-8.000000380E-3,
-30.43999897E-9,-8.000000380E-3,
-30.39999896E-9,-16.0000008E-3,
-30.35999896E-9,-16.0000008E-3,
-30.31999896E-9,-24.00000021E-3,
-30.27999895E-9,-24.00000021E-3,
-30.23999895E-9,-32.00000152E-3,
-30.19999895E-9,-40.00000283E-3,
-30.15999894E-9,-40.00000283E-3,
-30.11999894E-9,-48.00000042E-3,
-30.07999894E-9,-48.00000042E-3,
-30.03999893E-9,-56.000001729E-3,
-29.99999893E-9,-64.000003040E-3,
-29.95999893E-9,-64.000003040E-3,
-29.91999892E-9,-72.000004351E-3,
-29.87999892E-9,-80.000005662E-3,
-29.83999892E-9,-80.000005662E-3,
-29.80000069E-9,-88.000006974E-3,
-29.76000069E-9,-88.000006974E-3,
-29.72000068E-9,-96.000000834E-3,
-29.68000068E-9,-104.0000021E-3,
-29.64000068E-9,-104.0000021E-3,
-29.60000067E-9,-112.0000035E-3,
-29.56000067E-9,-120.0000048E-3,
-29.52000067E-9,-120.0000048E-3,
-29.48000066E-9,-128.0000061E-3,
-29.44000066E-9,-128.0000061E-3,
-29.40000066E-9,-136.0000074E-3,
-29.36000065E-9,-136.0000074E-3,
-29.32000065E-9,-144.0000087E-3,
-29.28000065E-9,-152.00001001E-3,
-29.24000064E-9,-152.00001001E-3,
-29.20000064E-9,-160.00001132E-3,
-29.16000064E-9,-160.00001132E-3,
-29.12000063E-9,-168.00001264E-3,
-29.08000063E-9,-168.00001264E-3,
-29.04000063E-9,-176.00001395E-3,
-29.00000062E-9,-176.00001395E-3,
-28.96000062E-9,-184.00001526E-3,
-28.92000062E-9,-184.00001526E-3,
-28.88000061E-9,-192.00000167E-3,
-28.84000061E-9,-192.00000167E-3,
-28.80000061E-9,-200.00000298E-3,
-28.76000060E-9,-200.00000298E-3,
-28.72000060E-9,-200.00000298E-3,
-28.68000060E-9,-208.00000429E-3,
-28.64000059E-9,-208.00000429E-3,
-28.60000059E-9,-216.00000560E-3,
-28.56000059E-9,-216.00000560E-3,
-28.52000058E-9,-224.00000691E-3,
-28.48000058E-9,-224.00000691E-3,
-28.44000058E-9,-224.00000691E-3,
-28.40000057E-9,-232.00000823E-3,
-28.36000057E-9,-232.00000823E-3,
-28.32000057E-9,-240.00000954E-3,
-28.28000056E-9,-240.00000954E-3,
-28.24000056E-9,-240.00000954E-3,
-28.20000056E-9,-248.00001085E-3,
-28.16000055E-9,-248.00001085E-3,
-28.12000055E-9,-256.00001216E-3,
-28.08000055E-9,-256.00001216E-3,
-28.04000054E-9,-256.00001216E-3,
-28.00000054E-9,-263.99999857E-3,
-27.96000054E-9,-263.99999857E-3,
-27.92000053E-9,-272.00001478E-3,
-27.88000053E-9,-272.00001478E-3,
-27.84000053E-9,-272.00001478E-3,
-27.80000052E-9,-280.00000119E-3,
-27.76000052E-9,-280.00000119E-3,
-27.72000052E-9,-288.00001740E-3,
-27.68000051E-9,-288.00001740E-3,
-27.64000051E-9,-288.00001740E-3,
-27.60000051E-9,-296.00000381E-3,
-27.56000050E-9,-296.00000381E-3,
-27.52000050E-9,-304.00002003E-3,
-27.48000050E-9,-304.00002003E-3,
-27.44000049E-9,-312.00000644E-3,
-27.40000049E-9,-312.00000644E-3,
-27.36000049E-9,-312.00000644E-3,
-27.32000048E-9,-320.00002265E-3,
-27.28000048E-9,-320.00002265E-3,
-27.24000048E-9,-328.00000906E-3,
-27.20000047E-9,-328.00000906E-3,
-27.16000047E-9,-328.00000906E-3,
-27.12000047E-9,-328.00000906E-3,
-27.08000046E-9,-336.00002527E-3,
-27.04000046E-9,-336.00002527E-3,
-27.00000046E-9,-336.00002527E-3,
-26.96000045E-9,-336.00002527E-3,
-26.92000045E-9,-336.00002527E-3,
-26.88000045E-9,-344.00001168E-3,
-26.84000044E-9,-344.00001168E-3,
-26.80000044E-9,-344.00001168E-3,
-26.76000044E-9,-344.00001168E-3,
-26.72000043E-9,-344.00001168E-3,
-26.68000043E-9,-344.00001168E-3,
-26.64000043E-9,-344.00001168E-3,
-26.60000042E-9,-352.00002789E-3,
-26.56000042E-9,-352.00002789E-3,
-26.52000042E-9,-352.00002789E-3,
-26.48000041E-9,-352.00002789E-3,
-26.44000041E-9,-352.00002789E-3,
-26.40000041E-9,-352.00002789E-3,
-26.36000040E-9,-360.00001431E-3,
-26.32000040E-9,-360.00001431E-3,
-26.28000040E-9,-360.00001431E-3,
-26.24000039E-9,-360.00001431E-3,
-26.20000039E-9,-360.00001431E-3,
-26.16000039E-9,-360.00001431E-3,
-26.12000038E-9,-360.00001431E-3,
-26.08000038E-9,-368.00003052E-3,
-26.04000038E-9,-368.00003052E-3,
-26.00000037E-9,-368.00003052E-3,
-25.96000037E-9,-368.00003052E-3,
-25.92000037E-9,-368.00003052E-3,
-25.88000036E-9,-368.00003052E-3,
-25.84000036E-9,-368.00003052E-3,
-25.80000036E-9,-368.00003052E-3,
-25.76000036E-9,-368.00003052E-3,
-25.72000035E-9,-368.00003052E-3,
-25.68000035E-9,-368.00003052E-3,
-25.64000035E-9,-368.00003052E-3,
-25.60000034E-9,-368.00003052E-3,
-25.56000034E-9,-368.00003052E-3,
-25.52000034E-9,-368.00003052E-3,
-25.48000033E-9,-368.00003052E-3,
-25.44000033E-9,-368.00003052E-3,
-25.40000033E-9,-368.00003052E-3,
-25.36000032E-9,-368.00003052E-3,
-25.32000032E-9,-368.00003052E-3,
-25.28000032E-9,-368.00003052E-3,
-25.24000031E-9,-368.00003052E-3,
-25.20000031E-9,-368.00003052E-3,
-25.16000031E-9,-360.00001431E-3,
-25.12000030E-9,-360.00001431E-3,
-25.08000030E-9,-360.00001431E-3,
-25.04000030E-9,-360.00001431E-3,
-25.00000029E-9,-352.00002789E-3,
-24.96000029E-9,-352.00002789E-3,
-24.92000029E-9,-352.00002789E-3,
-24.88000028E-9,-344.00001168E-3,
-24.84000028E-9,-344.00001168E-3,
-24.80000028E-9,-344.00001168E-3,
-24.76000027E-9,-336.00002527E-3,
-24.72000027E-9,-336.00002527E-3,
-24.68000027E-9,-336.00002527E-3,
-24.64000026E-9,-328.00000906E-3,
-24.60000026E-9,-328.00000906E-3,
-24.56000026E-9,-328.00000906E-3,
-24.52000025E-9,-320.00002265E-3,
-24.48000025E-9,-320.00002265E-3,
-24.44000025E-9,-320.00002265E-3,
-24.40000024E-9,-312.00000644E-3,
-24.36000024E-9,-312.00000644E-3,
-24.32000024E-9,-312.00000644E-3,
-24.28000023E-9,-304.00002003E-3,
-24.24000023E-9,-304.00002003E-3,
-24.20000023E-9,-304.00002003E-3,
-24.16000022E-9,-304.00002003E-3,
-24.12000022E-9,-296.00000381E-3,
-24.08000022E-9,-296.00000381E-3,
-24.04000021E-9,-296.00000381E-3,
-24.00000021E-9,-288.00001740E-3,
-23.96000021E-9,-288.00001740E-3,
-23.92000020E-9,-288.00001740E-3,
-23.88000020E-9,-280.00000119E-3,
-23.84000020E-9,-280.00000119E-3,
-23.80000019E-9,-280.00000119E-3,
-23.76000019E-9,-272.00001478E-3,
-23.72000019E-9,-272.00001478E-3,
-23.68000018E-9,-272.00001478E-3,
-23.64000018E-9,-263.99999857E-3,
-23.60000018E-9,-263.99999857E-3,
-23.56000017E-9,-256.00001216E-3,
-23.52000017E-9,-256.00001216E-3,
-23.48000017E-9,-256.00001216E-3,
-23.44000016E-9,-248.00001085E-3,
-23.40000016E-9,-248.00001085E-3,
-23.36000016E-9,-240.00000954E-3,
-23.32000015E-9,-240.00000954E-3,
-23.28000015E-9,-232.00000823E-3,
-23.24000015E-9,-232.00000823E-3,
-23.20000014E-9,-224.00000691E-3,
-23.16000014E-9,-224.00000691E-3,
-23.12000014E-9,-216.00000560E-3,
-23.08000013E-9,-216.00000560E-3,
-23.04000013E-9,-208.00000429E-3,
-23.00000013E-9,-208.00000429E-3,
-22.96000012E-9,-208.00000429E-3,
-22.92000012E-9,-200.00000298E-3,
-22.88000012E-9,-200.00000298E-3,
-22.84000011E-9,-192.00000167E-3,
-22.80000011E-9,-192.00000167E-3,
-22.76000011E-9,-192.00000167E-3,
-22.72000010E-9,-184.00001526E-3,
-22.68000010E-9,-184.00001526E-3,
-22.64000010E-9,-176.00001395E-3,
-22.60000009E-9,-176.00001395E-3,
-22.56000009E-9,-168.00001264E-3,
-22.52000009E-9,-168.00001264E-3,
-22.48000008E-9,-168.00001264E-3,
-22.44000008E-9,-160.00001132E-3,
-22.40000008E-9,-160.00001132E-3,
-22.36000007E-9,-152.00001001E-3,
-22.32000007E-9,-152.00001001E-3,
-22.28000007E-9,-144.0000087E-3,
-22.24000006E-9,-144.0000087E-3,
-22.20000006E-9,-136.0000074E-3,
-22.16000006E-9,-136.0000074E-3,
-22.12000005E-9,-128.0000061E-3,
-22.08000005E-9,-128.0000061E-3,
-22.04000005E-9,-120.0000048E-3,
-22.00000004E-9,-112.0000035E-3,
-21.96000004E-9,-112.0000035E-3,
-21.92000004E-9,-104.0000021E-3,
-21.88000003E-9,-104.0000021E-3,
-21.84000003E-9,-96.000000834E-3,
-21.80000003E-9,-96.000000834E-3,
-21.76000002E-9,-88.000006974E-3,
-21.72000002E-9,-80.000005662E-3,
-21.68000002E-9,-80.000005662E-3,
-21.64000001E-9,-72.000004351E-3,
-21.60000001E-9,-72.000004351E-3,
-21.56000001E-9,-64.000003040E-3,
-21.52000000E-9,-64.000003040E-3,
-21.48000000E-9,-56.000001729E-3,
-21.44000000E-9,-56.000001729E-3,
-21.39999999E-9,-48.00000042E-3,
-21.35999999E-9,-48.00000042E-3,
-21.31999999E-9,-48.00000042E-3,
-21.27999998E-9,-40.00000283E-3,
-21.23999998E-9,-40.00000283E-3,
-21.19999998E-9,-32.00000152E-3,
-21.15999997E-9,-32.00000152E-3,
-21.11999997E-9,-24.00000021E-3,
-21.07999997E-9,-24.00000021E-3,
-21.03999996E-9,-16.0000008E-3,
-20.99999996E-9,-16.0000008E-3,
-20.95999996E-9,-8.000000380E-3,
-20.91999995E-9,0.0,
-20.87999995E-9,0.0,
-20.83999995E-9,8.000000380E-3,
-20.79999994E-9,8.000000380E-3,
-20.75999994E-9,16.0000008E-3,
-20.71999994E-9,16.0000008E-3,
-20.67999993E-9,24.00000021E-3,
-20.63999993E-9,32.00000152E-3,
-20.59999993E-9,32.00000152E-3,
-20.55999992E-9,40.00000283E-3,
-20.51999992E-9,40.00000283E-3,
-20.47999992E-9,48.00000042E-3,
-20.43999991E-9,56.000001729E-3,
-20.39999991E-9,56.000001729E-3,
-20.35999991E-9,64.000003040E-3,
-20.31999990E-9,72.000004351E-3,
-20.27999990E-9,72.000004351E-3,
-20.23999990E-9,80.000005662E-3,
-20.19999989E-9,88.000006974E-3,
-20.15999989E-9,88.000006974E-3,
-20.11999989E-9,96.000000834E-3,
-20.0799999E-9,104.0000021E-3,
-20.0399999E-9,104.0000021E-3,
-19.9999999E-9,112.0000035E-3,
-19.9599999E-9,120.0000048E-3,
-19.9199999E-9,120.0000048E-3,
-19.8799999E-9,128.0000061E-3,
-19.8399999E-9,128.0000061E-3,
-19.7999999E-9,136.0000074E-3,
-19.7599999E-9,144.0000087E-3,
-19.7199999E-9,144.0000087E-3,
-19.6799999E-9,152.00001001E-3,
-19.6399998E-9,160.00001132E-3,
-19.5999998E-9,160.00001132E-3,
-19.5599998E-9,168.00001264E-3,
-19.5199998E-9,176.00001395E-3,
-19.4799998E-9,176.00001395E-3,
-19.4399998E-9,184.00001526E-3,
-19.3999998E-9,192.00000167E-3,
-19.3599998E-9,192.00000167E-3,
-19.3199998E-9,200.00000298E-3,
-19.2800016E-9,208.00000429E-3,
-19.2400016E-9,208.00000429E-3,
-19.2000016E-9,216.00000560E-3,
-19.1600016E-9,216.00000560E-3,
-19.1200016E-9,224.00000691E-3,
-19.0800016E-9,224.00000691E-3,
-19.0400016E-9,232.00000823E-3,
-19.0000016E-9,232.00000823E-3,
-18.9600016E-9,232.00000823E-3,
-18.9200016E-9,240.00000954E-3,
-18.8800016E-9,240.00000954E-3,
-18.8400016E-9,240.00000954E-3,
-18.8000016E-9,240.00000954E-3,
-18.7600016E-9,248.00001085E-3,
-18.7200015E-9,248.00001085E-3,
-18.6800015E-9,248.00001085E-3,
-18.6400015E-9,256.00001216E-3,
-18.6000015E-9,256.00001216E-3,
-18.5600015E-9,256.00001216E-3,
-18.5200015E-9,263.99999857E-3,
-18.4800015E-9,263.99999857E-3,
-18.4400015E-9,272.00001478E-3,
-18.4000015E-9,272.00001478E-3,
-18.3600015E-9,280.00000119E-3,
-18.3200015E-9,280.00000119E-3,
-18.2800015E-9,288.00001740E-3,
-18.2400015E-9,288.00001740E-3,
-18.2000015E-9,296.00000381E-3,
-18.1600015E-9,296.00000381E-3,
-18.1200015E-9,304.00002003E-3,
-18.0800015E-9,304.00002003E-3,
-18.0400015E-9,312.00000644E-3,
-18.0000015E-9,312.00000644E-3,
-17.9600015E-9,320.00002265E-3,
-17.9200015E-9,320.00002265E-3,
-17.8800015E-9,328.00000906E-3,
-17.8400015E-9,328.00000906E-3,
-17.8000015E-9,336.00002527E-3,
-17.7600015E-9,336.00002527E-3,
-17.7200015E-9,344.00001168E-3,
-17.6800015E-9,344.00001168E-3,
-17.6400015E-9,352.00002789E-3,
-17.6000015E-9,352.00002789E-3,
-17.5600015E-9,352.00002789E-3,
-17.5200014E-9,360.00001431E-3,
-17.4800014E-9,360.00001431E-3,
-17.4400014E-9,360.00001431E-3,
-17.4000014E-9,360.00001431E-3,
-17.3600014E-9,368.00003052E-3,
-17.3200014E-9,368.00003052E-3,
-17.2800014E-9,368.00003052E-3,
-17.2400014E-9,368.00003052E-3,
-17.2000014E-9,368.00003052E-3,
-17.1600014E-9,376.00001693E-3,
-17.1200014E-9,376.00001693E-3,
-17.0800014E-9,376.00001693E-3,
-17.0400014E-9,376.00001693E-3,
-17.0000014E-9,376.00001693E-3,
-16.9600014E-9,384.00000334E-3,
-16.9200014E-9,384.00000334E-3,
-16.8800014E-9,384.00000334E-3,
-16.8400014E-9,384.00000334E-3,
-16.8000014E-9,384.00000334E-3,
-16.7600014E-9,384.00000334E-3,
-16.7200014E-9,384.00000334E-3,
-16.6800014E-9,392.00001955E-3,
-16.6400014E-9,392.00001955E-3,
-16.6000014E-9,392.00001955E-3,
-16.5600014E-9,392.00001955E-3,
-16.5200014E-9,392.00001955E-3,
-16.4800014E-9,392.00001955E-3,
-16.4400014E-9,392.00001955E-3,
-16.4000014E-9,392.00001955E-3,
-16.3600014E-9,392.00001955E-3,
-16.3200014E-9,392.00001955E-3,
-16.2800013E-9,392.00001955E-3,
-16.2400013E-9,392.00001955E-3,
-16.2000013E-9,392.00001955E-3,
-16.1600013E-9,392.00001955E-3,
-16.1200013E-9,392.00001955E-3,
-16.0800013E-9,392.00001955E-3,
-16.0400013E-9,392.00001955E-3,
-16.0000013E-9,384.00000334E-3,
-15.9600013E-9,384.00000334E-3,
-15.9200013E-9,384.00000334E-3,
-15.8800013E-9,384.00000334E-3,
-15.8400013E-9,384.00000334E-3,
-15.8000013E-9,384.00000334E-3,
-15.7600013E-9,384.00000334E-3,
-15.7200013E-9,384.00000334E-3,
-15.6800013E-9,384.00000334E-3,
-15.6400013E-9,384.00000334E-3,
-15.6000013E-9,384.00000334E-3,
-15.5600013E-9,376.00001693E-3,
-15.5200013E-9,376.00001693E-3,
-15.4800013E-9,376.00001693E-3,
-15.4400013E-9,376.00001693E-3,
-15.4000013E-9,376.00001693E-3,
-15.3600013E-9,376.00001693E-3,
-15.3200013E-9,368.00003052E-3,
-15.2800013E-9,368.00003052E-3,
-15.2400013E-9,368.00003052E-3,
-15.2000013E-9,368.00003052E-3,
-15.1600013E-9,368.00003052E-3,
-15.1200013E-9,368.00003052E-3,
-15.0800012E-9,360.00001431E-3,
-15.0400012E-9,360.00001431E-3,
-15.0000012E-9,360.00001431E-3,
-14.9600012E-9,360.00001431E-3,
-14.9200012E-9,352.00002789E-3,
-14.8800003E-9,352.00002789E-3,
-14.8400003E-9,352.00002789E-3,
-14.8000003E-9,352.00002789E-3,
-14.7600003E-9,344.00001168E-3,
-14.7200003E-9,344.00001168E-3,
-14.6800003E-9,344.00001168E-3,
-14.6400003E-9,344.00001168E-3,
-14.6000003E-9,336.00002527E-3,
-14.5600003E-9,336.00002527E-3,
-14.5200003E-9,336.00002527E-3,
-14.4800003E-9,336.00002527E-3,
-14.4400003E-9,336.00002527E-3,
-14.4000003E-9,328.00000906E-3,
-14.3600003E-9,328.00000906E-3,
-14.3200003E-9,328.00000906E-3,
-14.2800003E-9,328.00000906E-3,
-14.2400003E-9,320.00002265E-3,
-14.2000003E-9,320.00002265E-3,
-14.1600012E-9,320.00002265E-3,
-14.1200012E-9,312.00000644E-3,
-14.0800012E-9,312.00000644E-3,
-14.0400012E-9,312.00000644E-3,
-14.0000012E-9,304.00002003E-3,
-13.9600012E-9,304.00002003E-3,
-13.9200012E-9,304.00002003E-3,
-13.8800011E-9,296.00000381E-3,
-13.8400011E-9,296.00000381E-3,
-13.8000011E-9,288.00001740E-3,
-13.7600011E-9,288.00001740E-3,
-13.7200011E-9,280.00000119E-3,
-13.6800011E-9,280.00000119E-3,
-13.6400011E-9,280.00000119E-3,
-13.6000011E-9,272.00001478E-3,
-13.5600011E-9,272.00001478E-3,
-13.5200011E-9,263.99999857E-3,
-13.4800011E-9,263.99999857E-3,
-13.4400011E-9,263.99999857E-3,
-13.4000011E-9,256.00001216E-3,
-13.3600011E-9,256.00001216E-3,
-13.3200011E-9,248.00001085E-3,
-13.2800011E-9,248.00001085E-3,
-13.2400011E-9,248.00001085E-3,
-13.2000011E-9,240.00000954E-3,
-13.1600011E-9,240.00000954E-3,
-13.1200011E-9,232.00000823E-3,
-13.0800011E-9,232.00000823E-3,
-13.0400011E-9,224.00000691E-3,
-13.0000011E-9,224.00000691E-3,
-12.9600011E-9,224.00000691E-3,
-12.9200011E-9,216.00000560E-3,
-12.8800011E-9,216.00000560E-3,
-12.8400011E-9,208.00000429E-3,
-12.8000011E-9,208.00000429E-3,
-12.7600011E-9,200.00000298E-3,
-12.7200011E-9,200.00000298E-3,
-12.6800010E-9,192.00000167E-3,
-12.6400010E-9,192.00000167E-3,
-12.6000010E-9,184.00001526E-3,
-12.5600010E-9,184.00001526E-3,
-12.5200010E-9,176.00001395E-3,
-12.4800010E-9,176.00001395E-3,
-12.4400010E-9,168.00001264E-3,
-12.4000010E-9,168.00001264E-3,
-12.3600010E-9,160.00001132E-3,
-12.3200010E-9,160.00001132E-3,
-12.2800010E-9,152.00001001E-3,
-12.2400010E-9,152.00001001E-3,
-12.2000010E-9,144.0000087E-3,
-12.1600010E-9,144.0000087E-3,
-12.1200010E-9,136.0000074E-3,
-12.0800010E-9,136.0000074E-3,
-12.0400010E-9,128.0000061E-3,
-12.0000010E-9,128.0000061E-3,
-11.9600010E-9,120.0000048E-3,
-11.9200010E-9,120.0000048E-3,
-11.8800010E-9,112.0000035E-3,
-11.8400010E-9,112.0000035E-3,
-11.8000010E-9,104.0000021E-3,
-11.7600010E-9,96.000000834E-3,
-11.7200010E-9,96.000000834E-3,
-11.6800010E-9,88.000006974E-3,
-11.6400010E-9,88.000006974E-3,
-11.6000010E-9,80.000005662E-3,
-11.5600010E-9,72.000004351E-3,
-11.5200010E-9,72.000004351E-3,
-11.4800009E-9,64.000003040E-3,
-11.4400009E-9,56.000001729E-3,
-11.4000009E-9,56.000001729E-3,
-11.3600009E-9,48.00000042E-3,
-11.3200009E-9,40.00000283E-3,
-11.2800009E-9,40.00000283E-3,
-11.2400009E-9,32.00000152E-3,
-11.2000009E-9,32.00000152E-3,
-11.1600009E-9,24.00000021E-3,
-11.1200009E-9,16.0000008E-3,
-11.0800009E-9,16.0000008E-3,
-11.0400009E-9,8.000000380E-3,
-11.0000009E-9,8.000000380E-3,
-10.9600009E-9,0.0,
-10.9200009E-9,0.0,
-10.8800009E-9,-8.000000380E-3,
-10.8400009E-9,-16.0000008E-3,
-10.8000009E-9,-16.0000008E-3,
-10.7600009E-9,-24.00000021E-3,
-10.7200009E-9,-24.00000021E-3,
-10.6800009E-9,-32.00000152E-3,
-10.6400009E-9,-32.00000152E-3,
-10.6000009E-9,-40.00000283E-3,
-10.5600009E-9,-48.00000042E-3,
-10.5200009E-9,-48.00000042E-3,
-10.4800009E-9,-56.000001729E-3,
-10.4400009E-9,-64.000003040E-3,
-10.4000009E-9,-64.000003040E-3,
-10.3600009E-9,-72.000004351E-3,
-10.3200009E-9,-80.000005662E-3,
-10.2800009E-9,-80.000005662E-3,
-10.2400008E-9,-88.000006974E-3,
-10.2000008E-9,-88.000006974E-3,
-10.1600008E-9,-96.000000834E-3,
-10.1200008E-9,-104.0000021E-3,
-10.0800008E-9,-104.0000021E-3,
-10.0400008E-9,-112.0000035E-3,
-10.0000008E-9,-112.0000035E-3,
-9.960000824E-9,-120.0000048E-3,
-9.920000821E-9,-128.0000061E-3,
-9.880000817E-9,-128.0000061E-3,
-9.840000814E-9,-136.0000074E-3,
-9.800000811E-9,-136.0000074E-3,
-9.760000808E-9,-144.0000087E-3,
-9.720000804E-9,-144.0000087E-3,
-9.680000801E-9,-152.00001001E-3,
-9.640000798E-9,-152.00001001E-3,
-9.600000794E-9,-160.00001132E-3,
-9.560000791E-9,-160.00001132E-3,
-9.520000788E-9,-168.00001264E-3,
-9.480000784E-9,-168.00001264E-3,
-9.440000781E-9,-176.00001395E-3,
-9.400000778E-9,-176.00001395E-3,
-9.360000774E-9,-184.00001526E-3,
-9.320000771E-9,-184.00001526E-3,
-9.280000768E-9,-192.00000167E-3,
-9.240000765E-9,-192.00000167E-3,
-9.200000761E-9,-200.00000298E-3,
-9.160000758E-9,-200.00000298E-3,
-9.120000755E-9,-208.00000429E-3,
-9.080000751E-9,-208.00000429E-3,
-9.040000748E-9,-216.00000560E-3,
-9.000000745E-9,-216.00000560E-3,
-8.960000741E-9,-224.00000691E-3,
-8.920000738E-9,-224.00000691E-3,
-8.880000735E-9,-232.00000823E-3,
-8.840000731E-9,-232.00000823E-3,
-8.800000728E-9,-240.00000954E-3,
-8.760000725E-9,-240.00000954E-3,
-8.720000721E-9,-240.00000954E-3,
-8.680000718E-9,-248.00001085E-3,
-8.640000715E-9,-248.00001085E-3,
-8.600000712E-9,-256.00001216E-3,
-8.560000708E-9,-256.00001216E-3,
-8.520000705E-9,-263.99999857E-3,
-8.480000702E-9,-263.99999857E-3,
-8.440000698E-9,-263.99999857E-3,
-8.400000695E-9,-272.00001478E-3,
-8.360000692E-9,-272.00001478E-3,
-8.320000688E-9,-280.00000119E-3,
-8.280000685E-9,-280.00000119E-3,
-8.240000682E-9,-280.00000119E-3,
-8.200000678E-9,-288.00001740E-3,
-8.160000675E-9,-288.00001740E-3,
-8.120000672E-9,-296.00000381E-3,
-8.080000669E-9,-296.00000381E-3,
-8.040000665E-9,-296.00000381E-3,
-8.000000662E-9,-304.00002003E-3,
-7.960000659E-9,-304.00002003E-3,
-7.920000655E-9,-304.00002003E-3,
-7.880000652E-9,-312.00000644E-3,
-7.840000649E-9,-312.00000644E-3,
-7.800000645E-9,-312.00000644E-3,
-7.760000642E-9,-312.00000644E-3,
-7.720000639E-9,-320.00002265E-3,
-7.680000635E-9,-320.00002265E-3,
-7.640000632E-9,-320.00002265E-3,
-7.600000629E-9,-328.00000906E-3,
-7.560000626E-9,-328.00000906E-3,
-7.520000622E-9,-328.00000906E-3,
-7.480000619E-9,-336.00002527E-3,
-7.440000616E-9,-336.00002527E-3,
-7.400000612E-9,-336.00002527E-3,
-7.36000061E-9,-344.00001168E-3,
-7.32000061E-9,-344.00001168E-3,
-7.28000060E-9,-344.00001168E-3,
-7.24000060E-9,-352.00002789E-3,
-7.20000060E-9,-352.00002789E-3,
-7.16000059E-9,-352.00002789E-3,
-7.12000059E-9,-360.00001431E-3,
-7.08000059E-9,-360.00001431E-3,
-7.04000058E-9,-360.00001431E-3,
-7.00000058E-9,-360.00001431E-3,
-6.96000058E-9,-368.00003052E-3,
-6.92000057E-9,-368.00003052E-3,
-6.88000057E-9,-368.00003052E-3,
-6.84000057E-9,-368.00003052E-3,
-6.80000056E-9,-376.00001693E-3,
-6.76000056E-9,-376.00001693E-3,
-6.72000056E-9,-376.00001693E-3,
-6.68000055E-9,-376.00001693E-3,
-6.64000055E-9,-376.00001693E-3,
-6.60000055E-9,-376.00001693E-3,
-6.56000054E-9,-384.00000334E-3,
-6.52000054E-9,-384.00000334E-3,
-6.48000054E-9,-384.00000334E-3,
-6.44000098E-9,-384.00000334E-3,
-6.40000097E-9,-384.00000334E-3,
-6.36000097E-9,-384.00000334E-3,
-6.32000097E-9,-384.00000334E-3,
-6.28000096E-9,-384.00000334E-3,
-6.24000096E-9,-384.00000334E-3,
-6.20000096E-9,-376.00001693E-3,
-6.16000095E-9,-376.00001693E-3,
-6.12000095E-9,-376.00001693E-3,
-6.08000095E-9,-376.00001693E-3,
-6.04000094E-9,-376.00001693E-3,
-6.00000094E-9,-376.00001693E-3,
-5.96000094E-9,-376.00001693E-3,
-5.92000093E-9,-376.00001693E-3,
-5.88000093E-9,-376.00001693E-3,
-5.84000093E-9,-376.00001693E-3,
-5.80000092E-9,-376.00001693E-3,
-5.76000092E-9,-376.00001693E-3,
-5.72000092E-9,-376.00001693E-3,
-5.68000091E-9,-368.00003052E-3,
-5.64000091E-9,-368.00003052E-3,
-5.60000091E-9,-368.00003052E-3,
-5.56000090E-9,-368.00003052E-3,
-5.52000090E-9,-368.00003052E-3,
-5.48000090E-9,-368.00003052E-3,
-5.44000089E-9,-368.00003052E-3,
-5.40000089E-9,-368.00003052E-3,
-5.36000089E-9,-360.00001431E-3,
-5.32000088E-9,-360.00001431E-3,
-5.28000088E-9,-360.00001431E-3,
-5.24000088E-9,-360.00001431E-3,
-5.20000087E-9,-360.00001431E-3,
-5.16000087E-9,-352.00002789E-3,
-5.12000087E-9,-352.00002789E-3,
-5.08000086E-9,-352.00002789E-3,
-5.04000086E-9,-352.00002789E-3,
-5.00000086E-9,-352.00002789E-3,
-4.96000085E-9,-344.00001168E-3,
-4.92000085E-9,-344.00001168E-3,
-4.88000085E-9,-344.00001168E-3,
-4.84000084E-9,-344.00001168E-3,
-4.80000084E-9,-336.00002527E-3,
-4.76000084E-9,-336.00002527E-3,
-4.72000083E-9,-336.00002527E-3,
-4.68000083E-9,-336.00002527E-3,
-4.64000083E-9,-328.00000906E-3,
-4.60000082E-9,-328.00000906E-3,
-4.56000082E-9,-328.00000906E-3,
-4.52000082E-9,-320.00002265E-3,
-4.48000081E-9,-320.00002265E-3,
-4.44000081E-9,-320.00002265E-3,
-4.40000081E-9,-320.00002265E-3,
-4.36000080E-9,-312.00000644E-3,
-4.32000080E-9,-312.00000644E-3,
-4.28000080E-9,-312.00000644E-3,
-4.24000079E-9,-304.00002003E-3,
-4.20000079E-9,-304.00002003E-3,
-4.16000079E-9,-304.00002003E-3,
-4.12000078E-9,-296.00000381E-3,
-4.08000078E-9,-296.00000381E-3,
-4.04000078E-9,-296.00000381E-3,
-4.00000078E-9,-288.00001740E-3,
-3.96000077E-9,-288.00001740E-3,
-3.92000077E-9,-288.00001740E-3,
-3.88000077E-9,-280.00000119E-3,
-3.84000076E-9,-280.00000119E-3,
-3.80000076E-9,-280.00000119E-3,
-3.76000076E-9,-272.00001478E-3,
-3.72000075E-9,-272.00001478E-3,
-3.68000075E-9,-272.00001478E-3,
-3.64000075E-9,-263.99999857E-3,
-3.60000074E-9,-263.99999857E-3,
-3.56000074E-9,-263.99999857E-3,
-3.52000074E-9,-256.00001216E-3,
-3.48000073E-9,-256.00001216E-3,
-3.44000073E-9,-248.00001085E-3,
-3.40000073E-9,-248.00001085E-3,
-3.36000072E-9,-240.00000954E-3,
-3.32000072E-9,-240.00000954E-3,
-3.28000072E-9,-232.00000823E-3,
-3.24000071E-9,-232.00000823E-3,
-3.20000071E-9,-224.00000691E-3,
-3.16000071E-9,-224.00000691E-3,
-3.12000070E-9,-216.00000560E-3,
-3.08000070E-9,-216.00000560E-3,
-3.04000070E-9,-208.00000429E-3,
-3.00000069E-9,-208.00000429E-3,
-2.96000069E-9,-200.00000298E-3,
-2.92000069E-9,-200.00000298E-3,
-2.88000068E-9,-192.00000167E-3,
-2.84000068E-9,-192.00000167E-3,
-2.80000068E-9,-184.00001526E-3,
-2.76000067E-9,-184.00001526E-3,
-2.72000067E-9,-176.00001395E-3,
-2.6800007E-9,-176.00001395E-3,
-2.6400007E-9,-168.00001264E-3,
-2.6000009E-9,-168.00001264E-3,
-2.5600009E-9,-160.00001132E-3,
-2.5200009E-9,-160.00001132E-3,
-2.4800009E-9,-152.00001001E-3,
-2.4400009E-9,-144.0000087E-3,
-2.4000009E-9,-144.0000087E-3,
-2.3600009E-9,-136.0000074E-3,
-2.3200009E-9,-128.0000061E-3,
-2.2800009E-9,-128.0000061E-3,
-2.2400009E-9,-120.0000048E-3,
-2.2000008E-9,-112.0000035E-3,
-2.1600008E-9,-112.0000035E-3,
-2.1200008E-9,-104.0000021E-3,
-2.0800008E-9,-96.000000834E-3,
-2.0400008E-9,-96.000000834E-3,
-2.0000008E-9,-88.000006974E-3,
-1.9600008E-9,-80.000005662E-3,
-1.9200008E-9,-80.000005662E-3,
-1.8800008E-9,-72.000004351E-3,
-1.8400008E-9,-64.000003040E-3,
-1.8000008E-9,-64.000003040E-3,
-1.7600008E-9,-56.000001729E-3,
-1.7200008E-9,-56.000001729E-3,
-1.6800008E-9,-48.00000042E-3,
-1.6400008E-9,-40.00000283E-3,
-1.6000008E-9,-40.00000283E-3,
-1.5600008E-9,-32.00000152E-3,
-1.5200008E-9,-32.00000152E-3,
-1.4800008E-9,-24.00000021E-3,
-1.4400008E-9,-24.00000021E-3,
-1.4000008E-9,-16.0000008E-3,
-1.3600008E-9,-16.0000008E-3,
-1.3200008E-9,-8.000000380E-3,
-1.2800008E-9,-8.000000380E-3,
-1.2400008E-9,-8.000000380E-3,
-1.2000008E-9,0.0,
-1.1600008E-9,0.0,
-1.1200008E-9,8.000000380E-3,
-1.0800008E-9,8.000000380E-3,
-1.0400008E-9,16.0000008E-3,
-1.0000007E-9,24.00000021E-3,
-960.000741632E-12,24.00000021E-3,
-920.000793998E-12,32.00000152E-3,
-880.000790852E-12,32.00000152E-3,
-840.000787706E-12,40.00000283E-3,
-800.000784560E-12,40.00000283E-3,
-760.000781415E-12,48.00000042E-3,
-720.000778269E-12,48.00000042E-3,
-680.000775123E-12,56.000001729E-3,
-640.000771977E-12,64.000003040E-3,
-600.000768832E-12,64.000003040E-3,
-560.000765686E-12,72.000004351E-3,
-520.000762540E-12,72.000004351E-3,
-480.000759394E-12,80.000005662E-3,
-440.000784004E-12,80.000005662E-3,
-400.00078086E-12,88.000006974E-3,
-360.00077771E-12,88.000006974E-3,
-320.00077457E-12,96.000000834E-3,
-280.00077142E-12,104.0000021E-3,
-240.00079603E-12,104.0000021E-3,
-200.00077901E-12,112.0000035E-3,
-160.00078974E-12,112.0000035E-3,
-120.0007866E-12,120.0000048E-3,
-80.000783448E-12,128.0000061E-3,
-40.00078377E-12,128.0000061E-3,
-0.0,136.0000074E-3,
39.99921558E-12,144.0000087E-3,
79.999215258E-12,144.0000087E-3,
119.9992184E-12,152.00001001E-3,
159.99920767E-12,160.00001132E-3,
199.99921082E-12,160.00001132E-3,
239.99921396E-12,168.00001264E-3,
279.99921711E-12,168.00001264E-3,
319.99922025E-12,176.00001395E-3,
359.99922340E-12,184.00001526E-3,
399.99919879E-12,184.00001526E-3,
439.999201936E-12,192.00000167E-3,
479.999205082E-12,192.00000167E-3,
519.999208228E-12,200.00000298E-3,
559.999211374E-12,200.00000298E-3,
599.999214519E-12,208.00000429E-3,
639.999217665E-12,208.00000429E-3,
679.999220811E-12,216.00000560E-3,
719.999223957E-12,216.00000560E-3,
759.999227102E-12,224.00000691E-3,
799.999230248E-12,224.00000691E-3,
839.999233394E-12,224.00000691E-3,
879.999181029E-12,232.00000823E-3,
919.999184174E-12,232.00000823E-3,
959.999187320E-12,240.00000954E-3,
999.999190466E-12,240.00000954E-3,
1.0399992E-9,248.00001085E-3,
1.0799992E-9,248.00001085E-3,
1.1199992E-9,256.00001216E-3,
1.1599992E-9,256.00001216E-3,
1.1999992E-9,263.99999857E-3,
1.2399992E-9,263.99999857E-3,
1.2799992E-9,272.00001478E-3,
1.3199992E-9,272.00001478E-3,
1.3599992E-9,280.00000119E-3,
1.3999992E-9,280.00000119E-3,
1.4399992E-9,288.00001740E-3,
1.4799992E-9,288.00001740E-3,
1.5199992E-9,296.00000381E-3,
1.5599992E-9,296.00000381E-3,
1.5999992E-9,304.00002003E-3,
1.6399992E-9,304.00002003E-3,
1.6799993E-9,312.00000644E-3,
1.7199993E-9,312.00000644E-3,
1.7599993E-9,320.00002265E-3,
1.7999993E-9,320.00002265E-3,
1.8399993E-9,320.00002265E-3,
1.8799993E-9,328.00000906E-3,
1.9199993E-9,328.00000906E-3,
1.9599993E-9,336.00002527E-3,
1.9999993E-9,336.00002527E-3,
2.0399993E-9,336.00002527E-3,
2.0799993E-9,344.00001168E-3,
2.1199993E-9,344.00001168E-3,
2.1599993E-9,344.00001168E-3,
2.1999993E-9,352.00002789E-3,
2.2399993E-9,352.00002789E-3,
2.2799993E-9,352.00002789E-3,
2.3199993E-9,352.00002789E-3,
2.3599993E-9,360.00001431E-3,
2.3999993E-9,360.00001431E-3,
2.4399993E-9,360.00001431E-3,
2.4799993E-9,360.00001431E-3,
2.5199991E-9,368.00003052E-3,
2.5599991E-9,368.00003052E-3,
2.5999991E-9,368.00003052E-3,
2.6399991E-9,368.00003052E-3,
2.6799991E-9,376.00001693E-3,
2.71999911E-9,376.00001693E-3,
2.75999912E-9,376.00001693E-3,
2.79999912E-9,376.00001693E-3,
2.83999912E-9,384.00000334E-3,
2.87999913E-9,384.00000334E-3,
2.91999913E-9,384.00000334E-3,
2.95999913E-9,384.00000334E-3,
2.99999914E-9,384.00000334E-3,
3.03999914E-9,384.00000334E-3,
3.07999914E-9,392.00001955E-3,
3.11999915E-9,392.00001955E-3,
3.15999915E-9,392.00001955E-3,
3.19999915E-9,392.00001955E-3,
3.23999916E-9,392.00001955E-3,
3.27999916E-9,392.00001955E-3,
3.31999916E-9,400.00000596E-3,
3.35999917E-9,400.00000596E-3,
3.39999917E-9,400.00000596E-3,
3.43999917E-9,400.00000596E-3,
3.47999918E-9,400.00000596E-3,
3.51999918E-9,400.00000596E-3,
3.55999918E-9,400.00000596E-3,
3.59999919E-9,400.00000596E-3,
3.63999919E-9,400.00000596E-3,
3.67999919E-9,400.00000596E-3,
3.71999920E-9,408.000022173E-3,
3.75999942E-9,408.000022173E-3,
3.79999898E-9,408.000022173E-3,
3.83999899E-9,408.000022173E-3,
3.87999899E-9,408.000022173E-3,
3.91999899E-9,408.000022173E-3,
3.95999900E-9,408.000022173E-3,
3.99999900E-9,408.000022173E-3,
4.03999900E-9,400.00000596E-3,
4.07999901E-9,400.00000596E-3,
4.11999901E-9,400.00000596E-3,
4.15999901E-9,400.00000596E-3,
4.19999902E-9,400.00000596E-3,
4.23999902E-9,400.00000596E-3,
4.27999902E-9,400.00000596E-3,
4.31999903E-9,400.00000596E-3,
4.35999903E-9,400.00000596E-3,
4.39999903E-9,400.00000596E-3,
4.43999904E-9,392.00001955E-3,
4.47999904E-9,392.00001955E-3,
4.51999904E-9,392.00001955E-3,
4.55999905E-9,392.00001955E-3,
4.59999905E-9,392.00001955E-3,
4.63999905E-9,392.00001955E-3,
4.67999905E-9,384.00000334E-3,
4.71999906E-9,384.00000334E-3,
4.75999906E-9,384.00000334E-3,
4.79999906E-9,384.00000334E-3,
4.83999907E-9,384.00000334E-3,
4.87999907E-9,384.00000334E-3,
4.91999907E-9,376.00001693E-3,
4.95999908E-9,376.00001693E-3,
4.99999908E-9,376.00001693E-3,
5.03999908E-9,376.00001693E-3,
5.07999909E-9,368.00003052E-3,
5.11999909E-9,368.00003052E-3,
5.15999909E-9,368.00003052E-3,
5.19999910E-9,368.00003052E-3,
5.23999910E-9,360.00001431E-3,
5.27999910E-9,360.00001431E-3,
5.31999911E-9,360.00001431E-3,
5.35999911E-9,360.00001431E-3,
5.39999911E-9,352.00002789E-3,
5.43999912E-9,352.00002789E-3,
5.47999912E-9,352.00002789E-3,
5.51999912E-9,352.00002789E-3,
5.55999913E-9,352.00002789E-3,
5.59999913E-9,352.00002789E-3,
5.63999913E-9,352.00002789E-3,
5.67999914E-9,344.00001168E-3,
5.71999914E-9,344.00001168E-3,
5.75999914E-9,344.00001168E-3,
5.79999915E-9,344.00001168E-3,
5.83999915E-9,344.00001168E-3,
5.87999915E-9,336.00002527E-3,
5.91999916E-9,336.00002527E-3,
5.95999916E-9,336.00002527E-3,
5.99999916E-9,336.00002527E-3,
6.03999917E-9,328.00000906E-3,
6.07999917E-9,328.00000906E-3,
6.11999917E-9,320.00002265E-3,
6.15999918E-9,320.00002265E-3,
6.19999918E-9,320.00002265E-3,
6.23999918E-9,312.00000644E-3,
6.27999919E-9,312.00000644E-3,
6.31999919E-9,304.00002003E-3,
6.35999919E-9,304.00002003E-3,
6.39999920E-9,296.00000381E-3,
6.43999920E-9,296.00000381E-3,
6.47999920E-9,288.00001740E-3,
6.51999921E-9,280.00000119E-3,
6.55999921E-9,280.00000119E-3,
6.59999921E-9,272.00001478E-3,
6.63999922E-9,272.00001478E-3,
6.67999922E-9,263.99999857E-3,
6.71999922E-9,263.99999857E-3,
6.75999923E-9,256.00001216E-3,
6.79999923E-9,248.00001085E-3,
6.83999923E-9,248.00001085E-3,
6.87999924E-9,240.00000954E-3,
6.91999924E-9,240.00000954E-3,
6.95999924E-9,232.00000823E-3,
6.99999925E-9,232.00000823E-3,
7.03999925E-9,224.00000691E-3,
7.07999925E-9,224.00000691E-3,
7.11999926E-9,216.00000560E-3,
7.15999926E-9,216.00000560E-3,
7.19999926E-9,208.00000429E-3,
7.23999927E-9,208.00000429E-3,
7.27999927E-9,208.00000429E-3,
7.31999927E-9,200.00000298E-3,
7.35999928E-9,200.00000298E-3,
7.399999280E-9,192.00000167E-3,
7.439999283E-9,192.00000167E-3,
7.479998843E-9,184.00001526E-3,
7.519998846E-9,184.00001526E-3,
7.559998849E-9,176.00001395E-3,
7.599998852E-9,176.00001395E-3,
7.639998856E-9,168.00001264E-3,
7.679998859E-9,168.00001264E-3,
7.719998862E-9,160.00001132E-3,
7.759998866E-9,160.00001132E-3,
7.799998869E-9,152.00001001E-3,
7.839998872E-9,152.00001001E-3,
7.879998876E-9,144.0000087E-3,
7.919998879E-9,144.0000087E-3,
7.959998882E-9,136.0000074E-3,
7.999998886E-9,128.0000061E-3,
8.039998889E-9,128.0000061E-3,
8.079998892E-9,120.0000048E-3,
8.119998895E-9,120.0000048E-3,
8.159998899E-9,112.0000035E-3,
8.199998902E-9,104.0000021E-3,
8.239998905E-9,104.0000021E-3,
8.279998909E-9,96.000000834E-3,
8.319998912E-9,88.000006974E-3,
8.359998915E-9,88.000006974E-3,
8.399998919E-9,80.000005662E-3,
8.439998922E-9,72.000004351E-3,
8.479998925E-9,72.000004351E-3,
8.519998929E-9,64.000003040E-3,
8.559998932E-9,64.000003040E-3,
8.599998935E-9,56.000001729E-3,
8.639998939E-9,56.000001729E-3,
8.679998942E-9,48.00000042E-3,
8.719998945E-9,48.00000042E-3,
8.759998948E-9,40.00000283E-3,
8.799998952E-9,32.00000152E-3,
8.839998955E-9,32.00000152E-3,
8.879998958E-9,24.00000021E-3,
8.919998962E-9,24.00000021E-3,
8.959998965E-9,16.0000008E-3,
8.999998968E-9,16.0000008E-3,
9.039998972E-9,8.000000380E-3,
9.079998975E-9,8.000000380E-3,
9.119998978E-9,0.0,
9.159998982E-9,0.0,
9.199998985E-9,-8.000000380E-3,
9.239998988E-9,-16.0000008E-3,
9.279998991E-9,-16.0000008E-3,
9.319998995E-9,-24.00000021E-3,
9.359998998E-9,-24.00000021E-3,
9.399999001E-9,-32.00000152E-3,
9.439999005E-9,-40.00000283E-3,
9.479999008E-9,-40.00000283E-3,
9.519999011E-9,-48.00000042E-3,
9.559999015E-9,-56.000001729E-3,
9.599999018E-9,-56.000001729E-3,
9.639999021E-9,-64.000003040E-3,
9.679999025E-9,-72.000004351E-3,
9.719999028E-9,-72.000004351E-3,
9.759999031E-9,-80.000005662E-3,
9.799999034E-9,-80.000005662E-3,
9.839999038E-9,-88.000006974E-3,
9.879999041E-9,-96.000000834E-3,
9.919999044E-9,-96.000000834E-3,
9.959999048E-9,-104.0000021E-3,
9.999999051E-9,-104.0000021E-3,
10.0399991E-9,-112.0000035E-3,
10.0799991E-9,-120.0000048E-3,
10.1199991E-9,-120.0000048E-3,
10.1599991E-9,-128.0000061E-3,
10.1999991E-9,-128.0000061E-3,
10.2399991E-9,-136.0000074E-3,
10.2799991E-9,-136.0000074E-3,
10.3199991E-9,-144.0000087E-3,
10.3599991E-9,-144.0000087E-3,
10.3999991E-9,-152.00001001E-3,
10.4399991E-9,-152.00001001E-3,
10.4799991E-9,-160.00001132E-3,
10.5199991E-9,-160.00001132E-3,
10.5599991E-9,-168.00001264E-3,
10.5999991E-9,-168.00001264E-3,
10.6399991E-9,-176.00001395E-3,
10.6799991E-9,-176.00001395E-3,
10.7199991E-9,-184.00001526E-3,
10.7599991E-9,-184.00001526E-3,
10.7999991E-9,-192.00000167E-3,
10.8399991E-9,-192.00000167E-3,
10.8799991E-9,-200.00000298E-3,
10.9199991E-9,-200.00000298E-3,
10.9599991E-9,-208.00000429E-3,
10.9999991E-9,-208.00000429E-3,
11.0399991E-9,-216.00000560E-3,
11.0799991E-9,-216.00000560E-3,
11.1199991E-9,-224.00000691E-3,
11.1599991E-9,-232.00000823E-3,
11.1999992E-9,-232.00000823E-3,
11.2399992E-9,-240.00000954E-3,
11.2799992E-9,-240.00000954E-3,
11.3199992E-9,-248.00001085E-3,
11.3599992E-9,-248.00001085E-3,
11.3999992E-9,-256.00001216E-3,
11.4399992E-9,-263.99999857E-3,
11.4799992E-9,-263.99999857E-3,
11.5199992E-9,-272.00001478E-3,
11.5599992E-9,-272.00001478E-3,
11.5999992E-9,-280.00000119E-3,
11.6399992E-9,-280.00000119E-3,
11.6799992E-9,-288.00001740E-3,
11.7199992E-9,-296.00000381E-3,
11.7599992E-9,-296.00000381E-3,
11.7999992E-9,-304.00002003E-3,
11.8399992E-9,-304.00002003E-3,
11.8799992E-9,-312.00000644E-3,
11.9199992E-9,-312.00000644E-3,
11.9599992E-9,-320.00002265E-3,
11.9999992E-9,-320.00002265E-3,
12.0399992E-9,-320.00002265E-3,
12.0799992E-9,-328.00000906E-3,
12.1199992E-9,-328.00000906E-3,
12.1599992E-9,-336.00002527E-3,
12.1999992E-9,-336.00002527E-3,
12.2399992E-9,-336.00002527E-3,
12.2799992E-9,-344.00001168E-3,
12.3199992E-9,-344.00001168E-3,
12.3599992E-9,-344.00001168E-3,
12.3999992E-9,-352.00002789E-3,
12.4399993E-9,-352.00002789E-3,
12.4799993E-9,-352.00002789E-3,
12.5199993E-9,-352.00002789E-3,
12.5599993E-9,-360.00001431E-3,
12.5999993E-9,-360.00001431E-3,
12.6399993E-9,-360.00001431E-3,
12.6799993E-9,-360.00001431E-3,
12.7199993E-9,-368.00003052E-3,
12.7599993E-9,-368.00003052E-3,
12.7999993E-9,-368.00003052E-3,
12.8399993E-9,-368.00003052E-3,
12.8799993E-9,-368.00003052E-3,
12.9199993E-9,-376.00001693E-3,
12.9599993E-9,-376.00001693E-3,
12.9999993E-9,-376.00001693E-3,
13.0399993E-9,-384.00000334E-3,
13.0799993E-9,-384.00000334E-3,
13.1199993E-9,-384.00000334E-3,
13.1599993E-9,-384.00000334E-3,
13.1999993E-9,-384.00000334E-3,
13.2399993E-9,-392.00001955E-3,
13.2799993E-9,-392.00001955E-3,
13.3199993E-9,-392.00001955E-3,
13.3599993E-9,-392.00001955E-3,
13.3999993E-9,-400.00000596E-3,
13.4399993E-9,-400.00000596E-3,
13.4799993E-9,-400.00000596E-3,
13.5199993E-9,-400.00000596E-3,
13.5599993E-9,-400.00000596E-3,
13.5999993E-9,-400.00000596E-3,
13.6399994E-9,-408.000022173E-3,
13.6799994E-9,-408.000022173E-3,
13.7199994E-9,-408.000022173E-3,
13.7599994E-9,-408.000022173E-3,
13.7999994E-9,-408.000022173E-3,
13.8399994E-9,-408.000022173E-3,
13.8799994E-9,-408.000022173E-3,
13.9199994E-9,-416.000008583E-3,
13.9599994E-9,-416.000008583E-3,
13.9999994E-9,-416.000008583E-3,
14.0399994E-9,-416.000008583E-3,
14.0799994E-9,-416.000008583E-3,
14.1199994E-9,-416.000008583E-3,
14.1599994E-9,-416.000008583E-3,
14.1999994E-9,-416.000008583E-3,
14.2399994E-9,-416.000008583E-3,
14.2799994E-9,-416.000008583E-3,
14.3199994E-9,-416.000008583E-3,
14.3599994E-9,-416.000008583E-3,
14.3999994E-9,-416.000008583E-3,
14.4399994E-9,-416.000008583E-3,
14.4799994E-9,-416.000008583E-3,
14.5199994E-9,-416.000008583E-3,
14.5599994E-9,-416.000008583E-3,
14.5999994E-9,-416.000008583E-3,
14.6399994E-9,-416.000008583E-3,
14.6799994E-9,-416.000008583E-3,
14.7199994E-9,-416.000008583E-3,
14.7599994E-9,-416.000008583E-3,
14.7999994E-9,-416.000008583E-3,
14.8399995E-9,-408.000022173E-3,
14.8799995E-9,-408.000022173E-3,
14.9199995E-9,-408.000022173E-3,
14.9599995E-9,-408.000022173E-3,
14.9999995E-9,-408.000022173E-3,
15.0399995E-9,-408.000022173E-3,
15.0799995E-9,-408.000022173E-3,
15.1199995E-9,-400.00000596E-3,
15.1599995E-9,-400.00000596E-3,
15.1999995E-9,-400.00000596E-3,
15.2399995E-9,-400.00000596E-3,
15.2799995E-9,-400.00000596E-3,
15.3199995E-9,-400.00000596E-3,
15.3599995E-9,-392.00001955E-3,
15.3999995E-9,-392.00001955E-3,
15.4399995E-9,-392.00001955E-3,
15.4799995E-9,-392.00001955E-3,
15.5199995E-9,-392.00001955E-3,
15.5599995E-9,-392.00001955E-3,
15.5999995E-9,-392.00001955E-3,
15.6399995E-9,-384.00000334E-3,
15.6799995E-9,-384.00000334E-3,
15.7199995E-9,-384.00000334E-3,
15.7599995E-9,-384.00000334E-3,
15.7999995E-9,-384.00000334E-3,
15.8399995E-9,-376.00001693E-3,
15.8799995E-9,-376.00001693E-3,
15.9199995E-9,-376.00001693E-3,
15.9599995E-9,-368.00003052E-3,
15.9999995E-9,-368.00003052E-3,
16.0399996E-9,-368.00003052E-3,
16.0799996E-9,-360.00001431E-3,
16.1199996E-9,-360.00001431E-3,
16.1599996E-9,-352.00002789E-3,
16.1999996E-9,-352.00002789E-3,
16.2399996E-9,-352.00002789E-3,
16.2799996E-9,-344.00001168E-3,
16.3199996E-9,-344.00001168E-3,
16.3599996E-9,-336.00002527E-3,
16.3999996E-9,-336.00002527E-3,
16.4399996E-9,-336.00002527E-3,
16.4799996E-9,-328.00000906E-3,
16.5199996E-9,-328.00000906E-3,
16.5599996E-9,-328.00000906E-3,
16.5999996E-9,-320.00002265E-3,
16.6399996E-9,-320.00002265E-3,
16.6799996E-9,-320.00002265E-3,
16.7199996E-9,-312.00000644E-3,
16.7599996E-9,-312.00000644E-3,
16.7999996E-9,-312.00000644E-3,
16.8399996E-9,-312.00000644E-3,
16.8799996E-9,-304.00002003E-3,
16.9199996E-9,-304.00002003E-3,
16.9599996E-9,-296.00000381E-3,
16.9999996E-9,-296.00000381E-3,
17.0399996E-9,-296.00000381E-3,
17.0799996E-9,-288.00001740E-3,
17.1199996E-9,-288.00001740E-3,
17.1599996E-9,-288.00001740E-3,
17.1999996E-9,-280.00000119E-3,
17.2399997E-9,-280.00000119E-3,
17.2799997E-9,-272.00001478E-3,
17.3199997E-9,-272.00001478E-3,
17.3599997E-9,-263.99999857E-3,
17.3999997E-9,-263.99999857E-3,
17.4399997E-9,-256.00001216E-3,
17.4799997E-9,-256.00001216E-3,
17.5199997E-9,-256.00001216E-3,
17.5599997E-9,-248.00001085E-3,
17.5999997E-9,-248.00001085E-3,
17.6399997E-9,-240.00000954E-3,
17.6799997E-9,-240.00000954E-3,
17.7199997E-9,-232.00000823E-3,
17.7599997E-9,-232.00000823E-3,
17.7999997E-9,-224.00000691E-3,
17.8399997E-9,-224.00000691E-3,
17.8799997E-9,-216.00000560E-3,
17.9199997E-9,-216.00000560E-3,
17.9599997E-9,-208.00000429E-3,
17.9999997E-9,-200.00000298E-3,
18.0399997E-9,-200.00000298E-3,
18.0799997E-9,-192.00000167E-3,
18.1199997E-9,-192.00000167E-3,
18.1599997E-9,-184.00001526E-3,
18.1999997E-9,-184.00001526E-3,
18.2399997E-9,-176.00001395E-3,
18.2799997E-9,-176.00001395E-3,
18.3199997E-9,-168.00001264E-3,
18.3599997E-9,-160.00001132E-3,
18.3999997E-9,-160.00001132E-3,
18.4399997E-9,-152.00001001E-3,
18.4799998E-9,-152.00001001E-3,
18.5199998E-9,-144.0000087E-3,
18.5599998E-9,-144.0000087E-3,
18.5999998E-9,-136.0000074E-3,
18.6399998E-9,-128.0000061E-3,
18.6799998E-9,-128.0000061E-3,
18.7199998E-9,-120.0000048E-3,
18.7599998E-9,-120.0000048E-3,
18.7999998E-9,-112.0000035E-3,
18.8399998E-9,-112.0000035E-3,
18.8799998E-9,-104.0000021E-3,
18.9199998E-9,-104.0000021E-3,
18.9599998E-9,-96.000000834E-3,
18.9999998E-9,-88.000006974E-3,
19.0399998E-9,-88.000006974E-3,
19.0799998E-9,-80.000005662E-3,
19.1199998E-9,-80.000005662E-3,
19.1599998E-9,-72.000004351E-3,
19.1999998E-9,-72.000004351E-3,
19.2399998E-9,-64.000003040E-3,
19.2799998E-9,-56.000001729E-3,
19.3199998E-9,-56.000001729E-3,
19.3599998E-9,-48.00000042E-3,
19.3999998E-9,-48.00000042E-3,
19.4399998E-9,-40.00000283E-3,
19.4799998E-9,-40.00000283E-3,
19.5199998E-9,-32.00000152E-3,
19.5599998E-9,-32.00000152E-3,
19.5999998E-9,-32.00000152E-3,
19.6399998E-9,-24.00000021E-3,
19.6799999E-9,-24.00000021E-3,
19.7199999E-9,-16.0000008E-3,
19.7599999E-9,-16.0000008E-3,
19.7999999E-9,-8.000000380E-3,
19.8399999E-9,-8.000000380E-3,
19.8799999E-9,0.0,
19.9199999E-9,8.000000380E-3,
19.9599999E-9,8.000000380E-3,
19.9999999E-9,16.0000008E-3,
20.0399999E-9,16.0000008E-3,
20.0799999E-9,24.00000021E-3,
20.11999989E-9,32.00000152E-3,
20.15999989E-9,32.00000152E-3,
20.19999989E-9,40.00000283E-3,
20.23999990E-9,48.00000042E-3,
20.27999990E-9,48.00000042E-3,
20.31999990E-9,56.000001729E-3,
20.35999991E-9,64.000003040E-3,
20.39999991E-9,64.000003040E-3,
20.43999991E-9,72.000004351E-3,
20.47999992E-9,80.000005662E-3,
20.51999992E-9,80.000005662E-3,
20.55999992E-9,88.000006974E-3,
20.59999993E-9,96.000000834E-3,
20.63999993E-9,96.000000834E-3,
20.67999993E-9,104.0000021E-3,
20.71999994E-9,104.0000021E-3,
20.75999994E-9,112.0000035E-3,
20.79999994E-9,120.0000048E-3,
20.83999995E-9,120.0000048E-3,
20.87999995E-9,128.0000061E-3,
20.91999995E-9,128.0000061E-3,
20.95999996E-9,136.0000074E-3,
20.99999996E-9,144.0000087E-3,
21.03999996E-9,144.0000087E-3,
21.07999997E-9,152.00001001E-3,
21.11999997E-9,152.00001001E-3,
21.15999997E-9,160.00001132E-3,
21.19999998E-9,160.00001132E-3,
21.23999998E-9,168.00001264E-3,
21.27999998E-9,168.00001264E-3,
21.31999999E-9,176.00001395E-3,
21.35999999E-9,184.00001526E-3,
21.39999999E-9,184.00001526E-3,
21.44000000E-9,192.00000167E-3,
21.48000000E-9,200.00000298E-3,
21.52000000E-9,200.00000298E-3,
21.56000001E-9,208.00000429E-3,
21.60000001E-9,208.00000429E-3,
21.64000001E-9,216.00000560E-3,
21.67999824E-9,224.00000691E-3,
21.71999824E-9,224.00000691E-3,
21.75999825E-9,232.00000823E-3,
21.79999825E-9,240.00000954E-3,
21.83999825E-9,240.00000954E-3,
21.87999826E-9,248.00001085E-3,
21.91999826E-9,256.00001216E-3,
21.95999826E-9,256.00001216E-3,
21.99999827E-9,263.99999857E-3,
22.03999827E-9,263.99999857E-3,
22.07999827E-9,272.00001478E-3,
22.11999828E-9,272.00001478E-3,
22.15999828E-9,280.00000119E-3,
22.19999828E-9,288.00001740E-3,
22.23999829E-9,288.00001740E-3,
22.27999829E-9,296.00000381E-3,
22.31999829E-9,296.00000381E-3,
22.35999830E-9,304.00002003E-3,
22.39999830E-9,304.00002003E-3,
22.43999830E-9,312.00000644E-3,
22.47999831E-9,312.00000644E-3,
22.51999831E-9,320.00002265E-3,
22.55999831E-9,320.00002265E-3,
22.59999832E-9,328.00000906E-3,
22.63999832E-9,328.00000906E-3,
22.67999832E-9,336.00002527E-3,
22.71999833E-9,336.00002527E-3,
22.75999833E-9,344.00001168E-3,
22.79999833E-9,344.00001168E-3,
22.83999834E-9,344.00001168E-3,
22.87999834E-9,352.00002789E-3,
22.91999834E-9,352.00002789E-3,
22.95999835E-9,360.00001431E-3,
22.99999835E-9,360.00001431E-3,
23.03999835E-9,368.00003052E-3,
23.07999836E-9,368.00003052E-3,
23.11999836E-9,376.00001693E-3,
23.15999836E-9,376.00001693E-3,
23.19999837E-9,376.00001693E-3,
23.23999837E-9,384.00000334E-3,
23.27999837E-9,384.00000334E-3,
23.31999838E-9,384.00000334E-3,
23.35999838E-9,392.00001955E-3,
23.39999838E-9,392.00001955E-3,
23.43999839E-9,392.00001955E-3,
23.47999839E-9,392.00001955E-3,
23.51999839E-9,392.00001955E-3,
23.55999840E-9,400.00000596E-3,
23.59999840E-9,400.00000596E-3,
23.63999840E-9,400.00000596E-3,
23.67999841E-9,400.00000596E-3,
23.71999841E-9,400.00000596E-3,
23.75999841E-9,400.00000596E-3,
23.79999842E-9,400.00000596E-3,
23.83999842E-9,408.000022173E-3,
23.87999842E-9,408.000022173E-3,
23.91999843E-9,408.000022173E-3,
23.95999843E-9,408.000022173E-3,
23.99999843E-9,408.000022173E-3,
24.03999844E-9,408.000022173E-3,
24.07999844E-9,416.000008583E-3,
24.11999844E-9,416.000008583E-3,
24.15999845E-9,416.000008583E-3,
24.19999845E-9,416.000008583E-3,
24.23999845E-9,416.000008583E-3,
24.27999846E-9,416.000008583E-3,
24.31999846E-9,416.000008583E-3,
24.35999846E-9,424.000024796E-3,
24.39999847E-9,424.000024796E-3,
24.43999847E-9,424.000024796E-3,
24.47999847E-9,424.000024796E-3,
24.51999848E-9,424.000024796E-3,
24.55999848E-9,424.000024796E-3,
24.59999848E-9,424.000024796E-3,
24.63999849E-9,424.000024796E-3,
24.67999849E-9,432.000011206E-3,
24.71999849E-9,432.000011206E-3,
24.75999850E-9,432.000011206E-3,
24.79999850E-9,432.000011206E-3,
24.83999850E-9,432.000011206E-3,
24.87999851E-9,432.000011206E-3,
24.91999851E-9,424.000024796E-3,
24.95999851E-9,424.000024796E-3,
24.99999852E-9,424.000024796E-3,
25.03999852E-9,424.000024796E-3,
25.07999852E-9,424.000024796E-3,
25.11999853E-9,424.000024796E-3,
25.15999853E-9,424.000024796E-3,
25.19999853E-9,416.000008583E-3,
25.23999854E-9,416.000008583E-3,
25.27999854E-9,416.000008583E-3,
25.31999854E-9,416.000008583E-3,
25.35999855E-9,416.000008583E-3,
25.39999855E-9,416.000008583E-3,
25.43999855E-9,408.000022173E-3,
25.47999856E-9,408.000022173E-3,
25.51999856E-9,408.000022173E-3,
25.55999856E-9,408.000022173E-3,
25.59999857E-9,408.000022173E-3,
25.63999857E-9,408.000022173E-3,
25.67999857E-9,408.000022173E-3,
25.71999858E-9,408.000022173E-3,
25.75999858E-9,408.000022173E-3,
25.79999858E-9,408.000022173E-3,
25.83999859E-9,408.000022173E-3,
25.87999859E-9,408.000022173E-3,
25.91999859E-9,400.00000596E-3,
25.95999860E-9,400.00000596E-3,
25.99999860E-9,400.00000596E-3,
26.03999860E-9,400.00000596E-3,
26.07999861E-9,400.00000596E-3,
26.11999861E-9,392.00001955E-3,
26.15999861E-9,392.00001955E-3,
26.19999862E-9,392.00001955E-3,
26.23999862E-9,384.00000334E-3,
26.27999862E-9,384.00000334E-3,
26.31999863E-9,384.00000334E-3,
26.35999863E-9,384.00000334E-3,
26.39999863E-9,376.00001693E-3,
26.43999863E-9,376.00001693E-3,
26.47999864E-9,376.00001693E-3,
26.51999864E-9,368.00003052E-3,
26.55999864E-9,368.00003052E-3,
26.59999865E-9,368.00003052E-3,
26.63999865E-9,360.00001431E-3,
26.67999865E-9,360.00001431E-3,
26.71999866E-9,360.00001431E-3,
26.75999866E-9,352.00002789E-3,
26.79999866E-9,352.00002789E-3,
26.83999867E-9,352.00002789E-3,
26.87999867E-9,352.00002789E-3,
26.91999867E-9,344.00001168E-3,
26.95999868E-9,344.00001168E-3,
26.99999868E-9,344.00001168E-3,
27.03999868E-9,344.00001168E-3,
27.07999869E-9,336.00002527E-3,
27.11999869E-9,336.00002527E-3,
27.15999869E-9,336.00002527E-3,
27.19999870E-9,336.00002527E-3,
27.23999870E-9,336.00002527E-3,
27.27999870E-9,328.00000906E-3,
27.31999871E-9,328.00000906E-3,
27.35999871E-9,328.00000906E-3,
27.39999871E-9,320.00002265E-3,
27.43999872E-9,320.00002265E-3,
27.47999872E-9,312.00000644E-3,
27.51999872E-9,312.00000644E-3,
27.55999873E-9,312.00000644E-3,
27.59999873E-9,304.00002003E-3,
27.63999873E-9,304.00002003E-3,
27.67999874E-9,296.00000381E-3,
27.71999874E-9,296.00000381E-3,
27.75999874E-9,288.00001740E-3,
27.79999875E-9,280.00000119E-3,
27.83999875E-9,280.00000119E-3,
27.87999875E-9,272.00001478E-3,
27.91999876E-9,272.00001478E-3,
27.95999876E-9,263.99999857E-3,
27.99999876E-9,263.99999857E-3,
28.03999877E-9,256.00001216E-3,
28.07999877E-9,248.00001085E-3,
28.11999877E-9,248.00001085E-3,
28.15999878E-9,240.00000954E-3,
28.19999878E-9,240.00000954E-3,
28.23999878E-9,232.00000823E-3,
28.27999879E-9,232.00000823E-3,
28.31999879E-9,224.00000691E-3,
28.35999879E-9,224.00000691E-3,
28.39999880E-9,216.00000560E-3,
28.43999880E-9,216.00000560E-3,
28.47999880E-9,208.00000429E-3,
28.51999881E-9,208.00000429E-3,
28.55999881E-9,208.00000429E-3,
28.59999881E-9,200.00000298E-3,
28.63999882E-9,200.00000298E-3,
28.67999882E-9,192.00000167E-3,
28.71999882E-9,192.00000167E-3,
28.75999883E-9,192.00000167E-3,
28.79999883E-9,184.00001526E-3,
28.83999883E-9,184.00001526E-3,
28.87999884E-9,176.00001395E-3,
28.91999884E-9,176.00001395E-3,
28.95999884E-9,168.00001264E-3,
28.99999885E-9,168.00001264E-3,
29.03999885E-9,160.00001132E-3,
29.07999885E-9,152.00001001E-3,
29.11999886E-9,152.00001001E-3,
29.15999886E-9,144.0000087E-3,
29.19999886E-9,136.0000074E-3,
29.23999887E-9,136.0000074E-3,
29.27999887E-9,128.0000061E-3,
29.31999887E-9,120.0000048E-3,
29.35999888E-9,120.0000048E-3,
29.39999888E-9,112.0000035E-3,
29.43999888E-9,104.0000021E-3,
29.47999889E-9,104.0000021E-3,
29.51999889E-9,96.000000834E-3,
29.55999889E-9,88.000006974E-3,
29.59999890E-9,88.000006974E-3,
29.63999890E-9,80.000005662E-3,
29.67999890E-9,72.000004351E-3,
29.71999891E-9,72.000004351E-3,
29.75999891E-9,64.000003040E-3,
29.79999891E-9,64.000003040E-3,
29.83999892E-9,56.000001729E-3,
29.87999892E-9,48.00000042E-3,
29.91999892E-9,48.00000042E-3,
29.95999893E-9,40.00000283E-3,
29.99999893E-9,40.00000283E-3,
30.03999893E-9,32.00000152E-3,
30.07999894E-9,24.00000021E-3,
30.11999894E-9,24.00000021E-3,
30.15999894E-9,16.0000008E-3,
30.19999895E-9,16.0000008E-3,
30.23999895E-9,8.000000380E-3,
30.27999895E-9,8.000000380E-3,
30.31999896E-9,0.0,
30.35999896E-9,0.0,
30.39999896E-9,-8.000000380E-3,
30.43999897E-9,-8.000000380E-3,
30.47999897E-9,-16.0000008E-3,
30.51999897E-9,-16.0000008E-3,
30.55999898E-9,-24.00000021E-3,
30.59999898E-9,-24.00000021E-3,
30.63999898E-9,-32.00000152E-3,
30.67999899E-9,-32.00000152E-3,
30.71999899E-9,-40.00000283E-3,
30.75999899E-9,-40.00000283E-3,
30.79999900E-9,-48.00000042E-3,
30.83999900E-9,-48.00000042E-3,
30.87999900E-9,-56.000001729E-3,
30.91999901E-9,-56.000001729E-3,
30.95999901E-9,-64.000003040E-3,
30.99999901E-9,-72.000004351E-3,
31.03999902E-9,-72.000004351E-3,
31.07999902E-9,-80.000005662E-3,
31.11999902E-9,-88.000006974E-3,
31.15999903E-9,-88.000006974E-3,
31.19999903E-9,-96.000000834E-3,
31.23999903E-9,-96.000000834E-3,
31.27999904E-9,-104.0000021E-3,
31.31999904E-9,-112.0000035E-3,
31.35999904E-9,-112.0000035E-3,
31.39999905E-9,-120.0000048E-3,
31.43999905E-9,-120.0000048E-3,
31.47999905E-9,-128.0000061E-3,
31.51999906E-9,-128.0000061E-3,
31.55999906E-9,-136.0000074E-3,
31.59999906E-9,-136.0000074E-3,
31.63999907E-9,-144.0000087E-3,
31.67999907E-9,-144.0000087E-3,
31.71999907E-9,-152.00001001E-3,
31.75999908E-9,-152.00001001E-3,
31.79999908E-9,-160.00001132E-3,
31.83999908E-9,-160.00001132E-3,
31.87999909E-9,-168.00001264E-3,
31.91999909E-9,-168.00001264E-3,
31.95999909E-9,-176.00001395E-3,
31.99999909E-9,-176.00001395E-3,
32.03999910E-9,-184.00001526E-3,
32.07999910E-9,-184.00001526E-3,
32.11999910E-9,-192.00000167E-3,
32.15999911E-9,-192.00000167E-3,
32.19999911E-9,-200.00000298E-3,
32.23999911E-9,-200.00000298E-3,
32.27999912E-9,-200.00000298E-3,
32.31999912E-9,-208.00000429E-3,
32.35999912E-9,-208.00000429E-3,
32.39999913E-9,-216.00000560E-3,
32.43999913E-9,-216.00000560E-3,
32.47999913E-9,-224.00000691E-3,
32.51999914E-9,-224.00000691E-3,
32.55999914E-9,-224.00000691E-3,
32.59999914E-9,-232.00000823E-3,
32.63999915E-9,-232.00000823E-3,
32.67999915E-9,-240.00000954E-3,
32.71999915E-9,-240.00000954E-3,
32.75999916E-9,-240.00000954E-3,
32.79999916E-9,-248.00001085E-3,
32.83999916E-9,-248.00001085E-3,
32.87999917E-9,-256.00001216E-3,
32.91999917E-9,-256.00001216E-3,
32.95999917E-9,-263.99999857E-3,
32.99999918E-9,-263.99999857E-3,
33.03999918E-9,-272.00001478E-3,
33.07999918E-9,-272.00001478E-3,
33.11999919E-9,-280.00000119E-3,
33.15999919E-9,-288.00001740E-3,
33.19999919E-9,-288.00001740E-3,
33.23999920E-9,-296.00000381E-3,
33.27999920E-9,-296.00000381E-3,
33.31999920E-9,-304.00002003E-3,
33.35999921E-9,-304.00002003E-3,
33.39999921E-9,-312.00000644E-3,
33.43999921E-9,-312.00000644E-3,
33.47999922E-9,-320.00002265E-3,
33.51999922E-9,-320.00002265E-3,
33.55999922E-9,-328.00000906E-3,
33.59999923E-9,-328.00000906E-3,
33.63999923E-9,-328.00000906E-3,
33.67999923E-9,-336.00002527E-3,
33.71999924E-9,-336.00002527E-3,
33.75999924E-9,-344.00001168E-3,
33.79999924E-9,-344.00001168E-3,
33.83999925E-9,-344.00001168E-3,
33.87999925E-9,-352.00002789E-3,
33.91999925E-9,-352.00002789E-3,
33.95999926E-9,-352.00002789E-3,
33.99999926E-9,-360.00001431E-3,
34.03999926E-9,-360.00001431E-3,
34.07999927E-9,-360.00001431E-3,
34.11999927E-9,-368.00003052E-3,
34.15999927E-9,-368.00003052E-3,
34.19999928E-9,-368.00003052E-3,
34.23999928E-9,-376.00001693E-3,
34.27999928E-9,-376.00001693E-3,
34.31999929E-9,-376.00001693E-3,
34.35999929E-9,-376.00001693E-3,
34.39999929E-9,-384.00000334E-3,
34.43999930E-9,-384.00000334E-3,
34.47999930E-9,-384.00000334E-3,
34.51999930E-9,-384.00000334E-3,
34.55999931E-9,-384.00000334E-3,
34.59999931E-9,-384.00000334E-3,
34.63999931E-9,-384.00000334E-3,
34.67999932E-9,-384.00000334E-3,
34.71999932E-9,-384.00000334E-3,
34.75999932E-9,-384.00000334E-3,
34.79999933E-9,-384.00000334E-3,
34.83999933E-9,-384.00000334E-3,
34.87999933E-9,-384.00000334E-3,
34.91999934E-9,-384.00000334E-3,
34.95999934E-9,-392.00001955E-3,
34.99999934E-9,-392.00001955E-3,
35.03999935E-9,-392.00001955E-3,
35.07999935E-9,-392.00001955E-3,
35.11999935E-9,-392.00001955E-3,
35.15999936E-9,-392.00001955E-3,
35.19999936E-9,-392.00001955E-3,
35.23999936E-9,-392.00001955E-3,
35.27999937E-9,-384.00000334E-3,
35.31999937E-9,-384.00000334E-3,
35.35999937E-9,-384.00000334E-3,
35.39999938E-9,-384.00000334E-3,
35.43999938E-9,-384.00000334E-3,
35.47999938E-9,-384.00000334E-3,
35.51999939E-9,-384.00000334E-3,
35.55999939E-9,-384.00000334E-3,
35.59999939E-9,-384.00000334E-3,
35.63999940E-9,-376.00001693E-3,
35.67999940E-9,-376.00001693E-3,
35.71999940E-9,-376.00001693E-3,
35.75999941E-9,-376.00001693E-3,
35.79999941E-9,-376.00001693E-3,
35.83999941E-9,-368.00003052E-3,
35.87999942E-9,-368.00003052E-3,
35.91999942E-9,-368.00003052E-3,
35.95999942E-9,-368.00003052E-3,
35.99999943E-9,-368.00003052E-3,
36.03999943E-9,-360.00001431E-3,
36.07999943E-9,-360.00001431E-3,
36.11999944E-9,-360.00001431E-3,
36.15999944E-9,-360.00001431E-3,
36.19999944E-9,-352.00002789E-3,
36.23999945E-9,-352.00002789E-3,
36.27999945E-9,-352.00002789E-3,
36.31999945E-9,-352.00002789E-3,
36.35999946E-9,-344.00001168E-3,
36.39999946E-9,-344.00001168E-3,
36.43999946E-9,-344.00001168E-3,
36.47999947E-9,-344.00001168E-3,
36.51999947E-9,-336.00002527E-3,
36.55999947E-9,-336.00002527E-3,
36.59999948E-9,-336.00002527E-3,
36.63999948E-9,-328.00000906E-3,
36.67999948E-9,-328.00000906E-3,
36.71999949E-9,-328.00000906E-3,
36.75999949E-9,-320.00002265E-3,
36.79999949E-9,-320.00002265E-3,
36.83999950E-9,-320.00002265E-3,
36.87999950E-9,-312.00000644E-3,
36.91999950E-9,-312.00000644E-3,
36.95999951E-9,-304.00002003E-3,
36.99999951E-9,-304.00002003E-3,
37.03999951E-9,-304.00002003E-3,
37.07999952E-9,-296.00000381E-3,
37.11999952E-9,-296.00000381E-3,
37.15999952E-9,-288.00001740E-3,
37.19999953E-9,-288.00001740E-3,
37.23999953E-9,-288.00001740E-3,
37.27999953E-9,-280.00000119E-3,
37.31999954E-9,-280.00000119E-3,
37.35999954E-9,-272.00001478E-3,
37.39999954E-9,-272.00001478E-3,
37.43999955E-9,-272.00001478E-3,
37.47999955E-9,-263.99999857E-3,
37.51999955E-9,-263.99999857E-3,
37.55999956E-9,-256.00001216E-3,
37.59999956E-9,-256.00001216E-3,
37.63999956E-9,-256.00001216E-3,
37.67999956E-9,-248.00001085E-3,
37.71999957E-9,-248.00001085E-3,
37.75999957E-9,-240.00000954E-3,
37.79999957E-9,-240.00000954E-3,
37.83999958E-9,-240.00000954E-3,
37.87999958E-9,-232.00000823E-3,
37.91999958E-9,-232.00000823E-3,
37.95999959E-9,-224.00000691E-3,
37.99999959E-9,-224.00000691E-3,
38.03999959E-9,-216.00000560E-3,
38.07999960E-9,-216.00000560E-3,
38.11999960E-9,-208.00000429E-3,
38.15999960E-9,-208.00000429E-3,
38.19999961E-9,-200.00000298E-3,
38.23999961E-9,-200.00000298E-3,
38.27999961E-9,-192.00000167E-3,
38.31999962E-9,-192.00000167E-3,
38.35999962E-9,-184.00001526E-3,
38.39999962E-9,-184.00001526E-3,
38.43999963E-9,-176.00001395E-3,
38.47999963E-9,-176.00001395E-3,
38.51999963E-9,-168.00001264E-3,
38.55999964E-9,-168.00001264E-3,
38.59999964E-9,-160.00001132E-3,
38.63999964E-9,-160.00001132E-3,
38.67999965E-9,-152.00001001E-3,
38.71999965E-9,-152.00001001E-3,
38.75999965E-9,-152.00001001E-3,
38.79999966E-9,-144.0000087E-3,
38.83999966E-9,-144.0000087E-3,
38.87999966E-9,-136.0000074E-3,
38.91999967E-9,-136.0000074E-3,
38.95999967E-9,-128.0000061E-3,
38.99999967E-9,-128.0000061E-3,
39.03999968E-9,-128.0000061E-3,
39.07999968E-9,-120.0000048E-3,
39.11999968E-9,-120.0000048E-3,
39.15999969E-9,-112.0000035E-3,
39.19999969E-9,-112.0000035E-3,
39.23999969E-9,-112.0000035E-3,
39.27999970E-9,-104.0000021E-3,
39.31999970E-9,-104.0000021E-3,
39.35999970E-9,-96.000000834E-3,
39.39999971E-9,-96.000000834E-3,
39.43999971E-9,-88.000006974E-3,
39.47999971E-9,-88.000006974E-3,
39.51999972E-9,-80.000005662E-3,
39.55999972E-9,-80.000005662E-3,
39.59999972E-9,-72.000004351E-3,
39.63999973E-9,-64.000003040E-3,
39.67999973E-9,-64.000003040E-3,
39.71999973E-9,-56.000001729E-3,
39.75999974E-9,-56.000001729E-3,
39.79999974E-9,-48.00000042E-3,
39.83999974E-9,-48.00000042E-3,
39.87999975E-9,-40.00000283E-3,
39.91999975E-9,-40.00000283E-3,
39.95999975E-9,-32.00000152E-3,
39.99999976E-9,-32.00000152E-3,
40.03999976E-9,-32.00000152E-3,
40.07999976E-9,-24.00000021E-3,
40.11999977E-9,-24.00000021E-3,
40.15999977E-9,-24.00000021E-3,
40.19999977E-9,-16.0000008E-3,
40.23999978E-9,-16.0000008E-3,
40.27999978E-9,-8.000000380E-3,
40.31999978E-9,-8.000000380E-3,
40.35999979E-9,0.0,
40.39999979E-9,0.0,
40.43999979E-9,8.000000380E-3,
40.47999980E-9,8.000000380E-3,
40.51999980E-9,16.0000008E-3,
40.55999980E-9,24.00000021E-3,
40.59999981E-9,24.00000021E-3,
40.63999981E-9,32.00000152E-3,
40.67999981E-9,32.00000152E-3,
40.71999982E-9,40.00000283E-3,
40.75999982E-9,48.00000042E-3,
40.79999982E-9,56.000001729E-3,
40.83999983E-9,56.000001729E-3,
40.87999983E-9,64.000003040E-3,
40.91999983E-9,72.000004351E-3,
40.95999984E-9,72.000004351E-3,
40.99999984E-9,80.000005662E-3,
41.03999984E-9,88.000006974E-3,
41.07999985E-9,96.000000834E-3,
41.11999985E-9,96.000000834E-3,
41.15999985E-9,104.0000021E-3,
41.19999986E-9,112.0000035E-3,
41.23999986E-9,120.0000048E-3,
41.27999986E-9,120.0000048E-3,
41.31999987E-9,128.0000061E-3,
41.35999987E-9,136.0000074E-3,
41.39999987E-9,136.0000074E-3,
41.43999988E-9,144.0000087E-3,
41.47999988E-9,144.0000087E-3,
41.51999988E-9,152.00001001E-3,
41.55999989E-9,160.00001132E-3,
41.59999989E-9,160.00001132E-3,
41.63999989E-9,168.00001264E-3,
41.67999990E-9,168.00001264E-3,
41.71999990E-9,176.00001395E-3,
41.75999990E-9,176.00001395E-3,
41.79999991E-9,184.00001526E-3,
41.83999991E-9,184.00001526E-3,
41.87999991E-9,192.00000167E-3,
41.91999992E-9,192.00000167E-3,
41.95999992E-9,200.00000298E-3,
41.99999992E-9,200.00000298E-3,
42.03999993E-9,208.00000429E-3,
42.07999993E-9,208.00000429E-3,
42.11999993E-9,216.00000560E-3,
42.15999994E-9,216.00000560E-3,
42.19999994E-9,224.00000691E-3,
42.23999994E-9,224.00000691E-3,
42.27999995E-9,232.00000823E-3,
42.31999995E-9,232.00000823E-3,
42.35999995E-9,240.00000954E-3,
42.39999996E-9,240.00000954E-3,
42.43999996E-9,248.00001085E-3,
42.47999996E-9,256.00001216E-3,
42.51999997E-9,256.00001216E-3,
42.55999997E-9,263.99999857E-3,
42.59999997E-9,272.00001478E-3,
42.63999998E-9,272.00001478E-3,
42.67999998E-9,280.00000119E-3,
42.71999998E-9,280.00000119E-3,
42.75999999E-9,288.00001740E-3,
42.79999999E-9,296.00000381E-3,
42.83999999E-9,296.00000381E-3,
42.88000000E-9,304.00002003E-3,
42.92000000E-9,304.00002003E-3,
42.96000000E-9,312.00000644E-3,
43.00000001E-9,312.00000644E-3,
43.04000001E-9,320.00002265E-3,
43.08000001E-9,320.00002265E-3,
43.12000002E-9,328.00000906E-3,
43.16000002E-9,328.00000906E-3,
43.20000002E-9,328.00000906E-3,
43.24000002E-9,336.00002527E-3,
43.28000003E-9,336.00002527E-3,
43.32000003E-9,336.00002527E-3,
43.36000003E-9,344.00001168E-3,
43.40000004E-9,344.00001168E-3,
43.44000004E-9,344.00001168E-3,
43.48000004E-9,344.00001168E-3,
43.52000005E-9,352.00002789E-3,
43.56000005E-9,352.00002789E-3,
43.60000005E-9,352.00002789E-3,
43.64000006E-9,352.00002789E-3,
43.68000006E-9,360.00001431E-3,
43.72000006E-9,360.00001431E-3,
43.76000007E-9,360.00001431E-3,
43.80000007E-9,360.00001431E-3,
43.84000007E-9,368.00003052E-3,
43.88000008E-9,368.00003052E-3,
43.92000008E-9,368.00003052E-3,
43.96000008E-9,368.00003052E-3,
44.00000009E-9,376.00001693E-3,
44.04000009E-9,376.00001693E-3,
44.08000009E-9,384.00000334E-3,
44.12000010E-9,384.00000334E-3,
44.16000010E-9,384.00000334E-3,
44.20000010E-9,384.00000334E-3,
44.24000011E-9,392.00001955E-3,
44.28000011E-9,392.00001955E-3,
44.32000011E-9,392.00001955E-3,
44.36000012E-9,400.00000596E-3,
44.40000012E-9,400.00000596E-3,
44.44000012E-9,400.00000596E-3,
44.48000013E-9,400.00000596E-3,
44.52000013E-9,400.00000596E-3,
44.56000013E-9,400.00000596E-3,
44.60000014E-9,408.000022173E-3,
44.64000014E-9,408.000022173E-3,
44.68000014E-9,408.000022173E-3,
44.72000015E-9,408.000022173E-3,
44.76000015E-9,408.000022173E-3,
44.80000015E-9,408.000022173E-3,
44.84000016E-9,408.000022173E-3,
44.88000016E-9,408.000022173E-3,
44.92000016E-9,408.000022173E-3,
44.96000017E-9,400.00000596E-3,
45.00000017E-9,400.00000596E-3,
45.04000017E-9,400.00000596E-3,
45.08000018E-9,400.00000596E-3,
45.12000018E-9,400.00000596E-3,
45.16000018E-9,400.00000596E-3,
45.20000019E-9,392.00001955E-3,
45.24000019E-9,392.00001955E-3,
45.28000019E-9,392.00001955E-3,
45.32000020E-9,392.00001955E-3,
45.36000020E-9,392.00001955E-3,
45.40000020E-9,384.00000334E-3,
45.44000021E-9,384.00000334E-3,
45.48000021E-9,384.00000334E-3,
45.52000021E-9,384.00000334E-3,
45.56000022E-9,376.00001693E-3,
45.60000022E-9,376.00001693E-3,
45.64000022E-9,376.00001693E-3,
45.68000023E-9,376.00001693E-3,
45.72000023E-9,376.00001693E-3,
45.76000023E-9,368.00003052E-3,
45.80000024E-9,368.00003052E-3,
45.84000024E-9,368.00003052E-3,
45.88000024E-9,368.00003052E-3,
45.92000025E-9,360.00001431E-3,
45.96000025E-9,360.00001431E-3,
46.00000025E-9,360.00001431E-3,
46.04000026E-9,360.00001431E-3,
46.08000026E-9,352.00002789E-3,
46.12000026E-9,352.00002789E-3,
46.16000027E-9,352.00002789E-3,
46.20000027E-9,352.00002789E-3,
46.24000027E-9,344.00001168E-3,
46.28000028E-9,344.00001168E-3,
46.32000028E-9,344.00001168E-3,
46.36000028E-9,344.00001168E-3,
46.40000029E-9,336.00002527E-3,
46.44000029E-9,336.00002527E-3,
46.48000029E-9,336.00002527E-3,
46.52000030E-9,328.00000906E-3,
46.56000030E-9,328.00000906E-3,
46.60000030E-9,328.00000906E-3,
46.64000031E-9,320.00002265E-3,
46.68000031E-9,320.00002265E-3,
46.72000031E-9,320.00002265E-3,
46.76000032E-9,312.00000644E-3,
46.80000032E-9,312.00000644E-3,
46.84000032E-9,312.00000644E-3,
46.88000033E-9,304.00002003E-3,
46.92000033E-9,304.00002003E-3,
46.96000033E-9,304.00002003E-3,
47.00000034E-9,304.00002003E-3,
47.04000034E-9,296.00000381E-3,
47.08000034E-9,296.00000381E-3,
47.12000035E-9,296.00000381E-3,
47.16000035E-9,288.00001740E-3,
47.20000035E-9,288.00001740E-3,
47.24000036E-9,288.00001740E-3,
47.28000036E-9,280.00000119E-3,
47.32000036E-9,280.00000119E-3,
47.36000037E-9,280.00000119E-3,
47.40000037E-9,272.00001478E-3,
47.44000037E-9,272.00001478E-3,
47.48000038E-9,272.00001478E-3,
47.52000038E-9,263.99999857E-3,
47.56000038E-9,263.99999857E-3,
47.60000039E-9,256.00001216E-3,
47.64000039E-9,256.00001216E-3,
47.68000039E-9,256.00001216E-3,
47.72000040E-9,248.00001085E-3,
47.76000040E-9,248.00001085E-3,
47.80000040E-9,240.00000954E-3,
47.84000041E-9,240.00000954E-3,
47.88000041E-9,232.00000823E-3,
47.92000041E-9,232.00000823E-3,
47.96000042E-9,232.00000823E-3,
48.00000042E-9,224.00000691E-3,
48.04000042E-9,224.00000691E-3,
48.08000043E-9,216.00000560E-3,
48.12000043E-9,216.00000560E-3,
48.16000043E-9,208.00000429E-3,
48.20000044E-9,208.00000429E-3,
48.24000044E-9,200.00000298E-3,
48.28000044E-9,200.00000298E-3,
48.32000045E-9,192.00000167E-3,
48.36000045E-9,192.00000167E-3,
48.40000045E-9,184.00001526E-3,
48.44000046E-9,176.00001395E-3,
48.48000046E-9,176.00001395E-3,
48.52000046E-9,168.00001264E-3,
48.56000047E-9,168.00001264E-3,
48.60000047E-9,160.00001132E-3,
48.64000047E-9,152.00001001E-3,
48.68000048E-9,152.00001001E-3,
48.72000048E-9,144.0000087E-3,
48.76000048E-9,136.0000074E-3,
48.80000049E-9,136.0000074E-3,
48.84000049E-9,128.0000061E-3,
48.88000049E-9,120.0000048E-3,
48.92000049E-9,120.0000048E-3,
48.96000050E-9,112.0000035E-3,
49.00000050E-9,112.0000035E-3,
49.04000050E-9,104.0000021E-3,
49.08000051E-9,96.000000834E-3,
49.12000051E-9,96.000000834E-3,
49.16000051E-9,88.000006974E-3,
49.20000052E-9,88.000006974E-3,
49.24000052E-9,80.000005662E-3,
49.28000052E-9,80.000005662E-3,
49.32000053E-9,72.000004351E-3,
49.36000053E-9,72.000004351E-3,
49.40000053E-9,64.000003040E-3,
49.44000054E-9,64.000003040E-3,
49.48000054E-9,56.000001729E-3,
49.52000054E-9,48.00000042E-3,
49.56000055E-9,48.00000042E-3,
49.60000055E-9,40.00000283E-3,
49.64000055E-9,40.00000283E-3,
49.68000056E-9,32.00000152E-3,
49.72000056E-9,32.00000152E-3,
49.76000056E-9,24.00000021E-3,
49.80000057E-9,24.00000021E-3,
49.84000057E-9,16.0000008E-3,
49.88000057E-9,8.000000380E-3,
49.92000058E-9,8.000000380E-3,
49.96000058E-9,0.0,
